trial,n,top20_auroc,top20_pr_auc,welch_fdr_significant_count,max_abs_train_effect,selected_features
0,376,0.7710643956541422,0.785014497669343,334,0.018149264785956486,"f6638,f1369,f3236,f665,f3504,f9712,f1215,f13576,f4135,f7060,f15198,f13874,f11836,f12441,f11644,f4932,f13898,f5678,f11058,f2830"
1,376,0.7532537347215935,0.7692381957920675,364,0.01857850869542897,"f3236,f13874,f6638,f1369,f1215,f665,f3504,f9712,f4135,f15198,f11836,f11644,f1219,f13576,f4932,f12441,f11058,f5678,f827,f13316"
2,376,0.7926522181982797,0.8095308226212863,342,0.01909938564107929,"f1369,f3236,f9712,f1215,f5678,f15198,f6638,f3504,f665,f11836,f4135,f13874,f4932,f11058,f13576,f11644,f12441,f827,f11738,f4867"
3,376,0.7762420778632866,0.7906704749501768,346,0.0181481213199886,"f6638,f1369,f3236,f13576,f1215,f4135,f3504,f9712,f13874,f15198,f2830,f4932,f11836,f5678,f11644,f665,f12441,f1219,f11738,f11058"
4,376,0.7705268220914441,0.7814811100893783,330,0.018351354423236634,"f665,f1369,f6638,f13576,f1215,f9712,f3504,f3236,f4135,f11836,f13874,f11644,f12441,f15198,f5678,f1219,f7060,f4932,f4867,f11058"
5,376,0.775619624264373,0.789900158796821,341,0.018752777270298983,"f9712,f1369,f6638,f3504,f1215,f4135,f11836,f11644,f13576,f665,f12441,f3236,f1219,f13874,f5678,f15198,f11058,f7060,f4932,f4867"
6,376,0.7924541647804437,0.7853101630963091,387,0.018439761001339275,"f4932,f6638,f1369,f13874,f13576,f3504,f3236,f11836,f1215,f9712,f4135,f5678,f665,f15198,f2830,f11058,f11644,f12441,f1219,f827"
7,376,0.790855590765052,0.771760238502563,362,0.01804903698986037,"f6638,f1369,f13576,f3236,f665,f13874,f4135,f3504,f9712,f1215,f11836,f15198,f4867,f2830,f4932,f11058,f11644,f12441,f7060,f11738"
8,376,0.7713614757808964,0.7802141650719596,350,0.01786760808999073,"f6638,f665,f13576,f1369,f15198,f3236,f3504,f13874,f1215,f9712,f11836,f11644,f2830,f4135,f4932,f12441,f4867,f7060,f11058,f827"
9,376,0.7691404481665912,0.7654346031301819,367,0.01826083732947229,"f6638,f13874,f1369,f13576,f665,f15198,f3236,f3504,f9712,f1215,f2830,f11836,f11644,f4135,f4932,f1219,f5678,f12441,f11058,f13898"
10,376,0.7878989361702128,0.8226622774715642,378,0.018807331253675362,"f1369,f6638,f3504,f9712,f15198,f13576,f5678,f11836,f12441,f3236,f1215,f665,f4135,f11058,f13874,f827,f2830,f4932,f11644,f1219"
11,376,0.7996689678587597,0.7940695437088804,364,0.01798580253516579,"f6638,f1369,f4932,f665,f13576,f15198,f3236,f4135,f3504,f13874,f1215,f9712,f11644,f13898,f11836,f7060,f2830,f12441,f5678,f4867"
12,376,0.782735400633771,0.7976634754187155,400,0.01825957126578591,"f13576,f6638,f1369,f13874,f3236,f9712,f3504,f1215,f4135,f11836,f7060,f665,f15198,f13898,f12441,f4932,f11644,f1219,f5678,f827"
13,376,0.7905585106382979,0.7858957872843039,355,0.018429061075910268,"f15198,f6638,f1369,f13576,f665,f9712,f3504,f4135,f3236,f4932,f13874,f1215,f11836,f4867,f11058,f12441,f5678,f7060,f11644,f2830"
14,376,0.7886204164780444,0.8076145274779382,350,0.01841730537745069,"f6638,f1369,f13576,f3236,f3504,f665,f4135,f9712,f13874,f1215,f11836,f4867,f5678,f15198,f11058,f2830,f12441,f4932,f11644,f13316"
15,376,0.7737098234495248,0.7792255378293103,354,0.018427602386973933,"f6638,f665,f1369,f3236,f3504,f4135,f13874,f11836,f9712,f1215,f13576,f5678,f4867,f4932,f11644,f15198,f11058,f12441,f1219,f7060"
16,376,0.7771616115889544,0.7836182024707308,375,0.01815173955772942,"f6638,f15198,f665,f1369,f3236,f1215,f13576,f13874,f9712,f1219,f3504,f4932,f4135,f11836,f11644,f2830,f5678,f11058,f12441,f11738"
17,376,0.7966415799004074,0.7696351294305268,363,0.01820951754207463,"f1369,f3236,f6638,f9712,f665,f1215,f3504,f13576,f13874,f11836,f4135,f5678,f4867,f11644,f11058,f15198,f12441,f4932,f2830,f1219"
18,376,0.7717717292892712,0.7902002864491833,354,0.018735899713801872,"f3236,f1369,f6638,f1215,f3504,f9712,f11836,f15198,f11644,f4135,f5678,f665,f13576,f12441,f13874,f11058,f1219,f4932,f4867,f13864"
19,376,0.7814622000905388,0.8079204631397264,311,0.01838592601880587,"f6638,f3236,f15198,f1369,f13874,f9712,f665,f1215,f3504,f11644,f13576,f11836,f12441,f4135,f4867,f5678,f1219,f11058,f4932,f7060"
20,376,0.7891014033499321,0.8072416639630208,342,0.01871113511337401,"f1369,f13874,f3236,f6638,f3504,f9712,f4135,f1215,f11836,f12441,f665,f11058,f5678,f13576,f15198,f1219,f827,f11644,f7060,f4932"
21,376,0.7617841783612496,0.784620546329892,344,0.018546032654914106,"f6638,f15198,f1369,f3236,f1215,f9712,f13874,f3504,f13576,f11836,f4135,f4932,f665,f11058,f5678,f1219,f11644,f12441,f4867,f827"
22,376,0.7970235400633771,0.8150033157634868,360,0.0185901939006958,"f13576,f1369,f665,f6638,f3504,f9712,f11836,f1215,f3236,f11644,f4867,f13874,f4135,f12441,f5678,f15198,f1219,f11058,f11738,f4932"
23,376,0.7824100271616117,0.8087883525620725,357,0.01798236824354115,"f665,f6638,f3236,f15198,f4932,f13576,f1369,f11644,f3504,f9712,f1215,f4135,f13874,f11836,f12441,f4867,f1219,f5678,f2830,f7060"
24,376,0.7697063150746943,0.7725062583774717,368,0.01823357949925069,"f6638,f1369,f665,f13576,f9712,f3504,f1215,f11836,f13874,f4932,f4135,f3236,f15198,f12441,f5678,f7060,f11058,f11644,f2830,f4867"
25,376,0.7790289723856948,0.8138439195922307,359,0.018924209749960175,"f6638,f1369,f4932,f3504,f13576,f1215,f9712,f3236,f15198,f11836,f4135,f13874,f665,f5678,f4867,f11644,f11058,f11738,f2830,f12441"
26,376,0.7875311226799456,0.7959559364394362,355,0.018566490344187975,"f1369,f3236,f9712,f6638,f3504,f13576,f11058,f13874,f1215,f15198,f665,f11836,f12441,f4135,f5678,f11644,f7060,f1219,f13898,f4932"
27,376,0.7721253961068357,0.7932790402760435,363,0.019013423200181484,"f1369,f3236,f6638,f9712,f3504,f1215,f13874,f4135,f11644,f11836,f15198,f11058,f12441,f665,f13576,f5678,f4932,f827,f15377,f15040"
28,376,0.7738512901765504,0.7801983558414145,351,0.018151772778203804,"f13874,f1369,f9712,f6638,f665,f4135,f3504,f3236,f13576,f1215,f11836,f4867,f15198,f11058,f12441,f5678,f7060,f4932,f11644,f2830"
29,376,0.781957333635129,0.7952850793803503,337,0.018013715996664553,"f6638,f665,f13576,f1369,f3236,f3504,f9712,f1215,f4135,f13874,f15198,f2830,f11644,f4932,f11836,f11738,f1219,f11058,f5678,f13898"
30,376,0.7612607514712539,0.7727087130963788,349,0.01839356247751793,"f6638,f1369,f3236,f13576,f4135,f3504,f9712,f13874,f665,f1215,f4932,f11836,f15198,f4867,f12441,f11058,f7060,f5678,f11644,f11738"
31,376,0.7922419646899049,0.7921497431257745,361,0.018425255850393382,"f15198,f13576,f1369,f6638,f13874,f4135,f9712,f3236,f3504,f665,f1215,f4932,f11836,f13898,f2830,f12441,f11644,f11058,f5678,f1219"
32,376,0.7693102082390222,0.7948404259628743,362,0.018224056686294496,"f6638,f1369,f13874,f13576,f4932,f4135,f665,f3504,f15198,f3236,f9712,f1215,f11836,f11644,f12441,f2830,f4867,f11058,f5678,f15040"
33,376,0.780882186509733,0.8169533135940594,348,0.01903257900948059,"f1369,f6638,f3236,f1215,f13874,f9712,f3504,f13576,f11836,f665,f11058,f4135,f12441,f5678,f11644,f827,f15198,f7060,f13316,f7010"
34,376,0.755361588954278,0.7695069812392081,368,0.018152658208372405,"f1369,f4135,f6638,f3504,f9712,f11836,f13576,f13874,f3236,f1215,f15198,f11644,f665,f12441,f7060,f11058,f5678,f4932,f827,f1219"
35,376,0.7565216161158895,0.7732426181858276,338,0.018586522716275845,"f1369,f9712,f6638,f3504,f13576,f4135,f1215,f15198,f13874,f7060,f3236,f11836,f665,f4932,f12441,f11644,f2830,f5678,f11058,f1219"
36,376,0.7615436849253054,0.7730048108075784,372,0.018354912105194722,"f6638,f1369,f665,f3236,f3504,f1215,f9712,f13576,f4932,f15198,f13874,f4135,f5678,f11836,f11644,f4867,f1219,f7060,f11058,f12441"
37,376,0.7696355817111815,0.7822253134712,338,0.01833911163316284,"f9712,f1369,f4135,f665,f3504,f15198,f13576,f6638,f3236,f1219,f1215,f13874,f11836,f4932,f5678,f11644,f12441,f11058,f7060,f2830"
38,376,0.7557294024445451,0.762899399178991,353,0.018728383772194046,"f1369,f6638,f9712,f13874,f3504,f3236,f1215,f4135,f11836,f13576,f15198,f11644,f665,f5678,f12441,f827,f1219,f11058,f7060,f4932"
39,376,0.7777274784970575,0.7865160610994072,353,0.01880726969721626,"f1369,f6638,f9712,f1215,f3504,f13576,f13874,f11836,f11644,f4135,f665,f12441,f3236,f15198,f5678,f11058,f1219,f4932,f2830,f13316"
40,376,0.7419646899049344,0.7244102199625535,330,0.018389535349536107,"f6638,f1369,f4135,f9712,f13576,f3236,f3504,f13874,f1215,f15198,f11836,f4932,f665,f11644,f2830,f12441,f11058,f1219,f5678,f7060"
41,376,0.7879979628791308,0.7972054020895134,333,0.018248975638577573,"f6638,f1369,f15198,f4135,f3504,f9712,f11836,f665,f1215,f4932,f13576,f3236,f12441,f11058,f5678,f11644,f13874,f13898,f1219,f827"
42,376,0.7828627206880941,0.7888398801633117,350,0.01818330617165785,"f6638,f1369,f3236,f15198,f665,f13576,f3504,f4932,f9712,f1215,f13874,f4135,f4867,f11836,f11058,f2830,f5678,f11644,f11738,f12441"
43,376,0.7750679040289723,0.784740718626091,351,0.018611865499591866,"f6638,f1369,f4135,f9712,f3504,f13874,f15198,f1215,f13576,f3236,f665,f11836,f4932,f11644,f12441,f11058,f4867,f15040,f5678,f1219"
44,376,0.7945761656858307,0.796303931510008,313,0.018189009492027924,"f6638,f13874,f1369,f3236,f3504,f4135,f9712,f13576,f11836,f1215,f665,f4867,f15198,f13898,f4932,f11058,f11644,f12441,f7060,f5678"
45,376,0.7823392937980987,0.7983997538235753,356,0.018226952772547874,"f13576,f6638,f1369,f15198,f665,f4932,f3504,f3236,f4135,f13874,f1215,f9712,f4867,f11644,f11836,f12441,f11058,f5678,f1219,f7060"
46,376,0.7883374830239929,0.8147505958564596,352,0.017828065203502753,"f6638,f13576,f15198,f1369,f13874,f4135,f3504,f9712,f3236,f4867,f2830,f665,f4932,f1215,f7060,f11836,f827,f11058,f11738,f12441"
47,376,0.7694092349479403,0.8110879656374899,346,0.01803001661864206,"f6638,f13576,f1369,f3236,f4135,f15198,f13874,f3504,f9712,f665,f4932,f1215,f2830,f11738,f11836,f11644,f12441,f5678,f11058,f827"
48,376,0.7678955409687641,0.8015080226425817,339,0.018914124487522728,"f6638,f1369,f3236,f4135,f3504,f1215,f9712,f15198,f13874,f11836,f665,f12441,f5678,f13576,f11644,f11058,f1219,f15040,f2830,f7060"
49,376,0.7645144861928475,0.7623530749505976,365,0.018031986742379477,"f6638,f13576,f1369,f9712,f15198,f665,f3504,f13874,f1215,f7060,f3236,f4135,f11836,f11644,f4867,f12441,f5678,f11058,f2830,f13898"
50,376,0.7947883657763695,0.801888005689332,329,0.01817670022137461,"f6638,f13576,f1369,f3236,f665,f9712,f3504,f13874,f1215,f4135,f2830,f12441,f11644,f11836,f7060,f15198,f4867,f11058,f5678,f11738"
51,376,0.7570591896785877,0.7800557002800981,321,0.018579563755106075,"f1369,f6638,f13874,f3236,f4135,f9712,f3504,f11836,f13576,f1215,f4932,f12441,f15198,f5678,f11644,f11058,f665,f827,f1219,f15377"
52,376,0.7827919873245814,0.7881131045159737,350,0.017821979347338993,"f13576,f6638,f1369,f665,f9712,f3236,f3504,f13874,f1215,f4135,f2830,f7060,f4932,f15198,f11836,f13898,f12441,f11058,f4867,f11644"
53,376,0.7771333182435491,0.8057589406640724,323,0.01853624804123758,"f6638,f1369,f13576,f3236,f4135,f3504,f9712,f13874,f1215,f11836,f15198,f11058,f5678,f827,f12441,f7060,f11644,f11738,f665,f2830"
54,376,0.7678813942960614,0.7566899863403971,365,0.018331131575866876,"f6638,f13874,f3236,f1369,f9712,f13576,f3504,f4135,f11836,f1215,f15198,f665,f12441,f11644,f4867,f2830,f5678,f11058,f1219,f827"
55,376,0.7680087143503848,0.7771569455711793,336,0.01838420301259671,"f6638,f1369,f13874,f15198,f3236,f3504,f9712,f665,f1215,f11058,f4932,f13576,f4135,f11836,f11644,f2830,f5678,f12441,f827,f1219"
56,376,0.7666789271163422,0.7623037447811725,338,0.017933998866244492,"f6638,f13576,f665,f1369,f15198,f3236,f4135,f3504,f9712,f4932,f13874,f1215,f2830,f11644,f12441,f4867,f11836,f11058,f5678,f7060"
57,376,0.7799626527840653,0.7878449979236255,363,0.018680848295186087,"f1369,f6638,f4932,f9712,f13874,f3236,f3504,f4135,f1215,f665,f11836,f13576,f15198,f11058,f4867,f5678,f11738,f2830,f12441,f11644"
58,376,0.7757610909913988,0.8277567748067916,359,0.019216873876235246,"f1369,f3504,f6638,f9712,f4135,f1215,f3236,f11836,f5678,f11058,f12441,f13874,f15198,f827,f11644,f13576,f665,f5017,f15377,f13316"
59,376,0.8009563150746943,0.790591381182411,341,0.018697028102828753,"f6638,f1369,f13576,f3504,f1215,f9712,f4135,f3236,f13874,f11836,f665,f12441,f11058,f5678,f11644,f7060,f15198,f4932,f827,f2830"
60,376,0.7914780443639656,0.7863610155165164,333,0.01809386694506601,"f15198,f13576,f6638,f1369,f13874,f3236,f9712,f4135,f665,f3504,f4932,f1215,f2830,f11644,f11836,f11058,f12441,f7060,f5678,f827"
61,376,0.7787177455862382,0.772217510183881,395,0.018745840036686723,"f6638,f1369,f3504,f1215,f13576,f9712,f3236,f11644,f13874,f4135,f11836,f665,f15198,f4932,f12441,f11058,f5678,f1219,f2830,f4867"
62,376,0.7763128112267994,0.8142427338276526,350,0.018198454589087573,"f6638,f665,f1369,f3504,f1215,f9712,f13576,f4932,f3236,f15198,f4135,f11644,f11836,f5678,f13874,f12441,f11738,f11058,f1219,f7060"
63,376,0.7833012675418741,0.8000723680131097,393,0.01826420427854864,"f6638,f1369,f9712,f3236,f13874,f11836,f3504,f13576,f4135,f1215,f4932,f11058,f12441,f11644,f15198,f7060,f1219,f665,f827,f5678"
64,376,0.7883374830239928,0.7873295635546429,352,0.0187988908456123,"f1369,f6638,f3504,f15198,f9712,f4135,f13874,f13576,f1215,f665,f3236,f11836,f11644,f12441,f1219,f11058,f5678,f4932,f13898,f827"
65,376,0.7813631733816206,0.782775499688686,349,0.018018846157343754,"f3236,f6638,f665,f1369,f3504,f9712,f1215,f13874,f13576,f4135,f15198,f2830,f11836,f5678,f11644,f4932,f12441,f13898,f11058,f4867"
66,376,0.7508346536894523,0.79637916687878,344,0.018407154754002335,"f6638,f1369,f665,f3236,f4135,f9712,f3504,f13874,f13576,f15198,f4932,f1215,f2830,f11058,f11836,f5678,f11738,f12441,f15377,f11644"
67,376,0.7472696921684021,0.7530454048720192,380,0.01846661237861087,"f1369,f13576,f6638,f15198,f4135,f3504,f9712,f665,f3236,f13874,f4932,f11836,f1215,f7060,f4867,f2830,f11058,f5678,f12441,f13898"
68,376,0.7650096197374376,0.7684682414322278,385,0.018609731472989006,"f6638,f1369,f13874,f15198,f3236,f665,f1215,f3504,f9712,f11836,f13576,f4135,f11644,f11058,f4932,f12441,f5678,f827,f7060,f2830"
69,376,0.7835276143051155,0.8338451118961842,332,0.017978740474605473,"f2830,f1369,f6638,f13576,f665,f9712,f15198,f3504,f13874,f4135,f1215,f11836,f13898,f4867,f4932,f3236,f5678,f12441,f11058,f7060"
70,376,0.7335049796287914,0.7573581328372518,351,0.018388893222436288,"f1369,f13576,f1215,f3236,f6638,f3504,f15198,f9712,f13874,f11836,f4135,f12441,f5678,f4932,f11644,f7060,f11058,f665,f827,f2830"
71,376,0.7609636713444997,0.7499131843110266,368,0.01835069974309743,"f6638,f1369,f3504,f9712,f13874,f665,f1215,f3236,f4932,f13576,f4135,f15198,f11836,f11644,f11058,f5678,f12441,f1219,f2830,f4867"
72,376,0.7732005432322318,0.7819009410517073,343,0.018160288573856976,"f1369,f3236,f6638,f665,f15198,f13576,f3504,f1215,f4135,f11836,f9712,f13874,f11644,f2830,f11058,f5678,f12441,f4932,f827,f11738"
73,376,0.7677965142598462,0.7894399904251816,366,0.018415902082392167,"f1369,f6638,f15198,f9712,f3504,f665,f1215,f13576,f11836,f4135,f13874,f3236,f4867,f11058,f12441,f4932,f11644,f5678,f7060,f13898"
74,376,0.7787177455862382,0.748660755372187,321,0.01811351151047074,"f6638,f3236,f1369,f3504,f13576,f4135,f13874,f9712,f15198,f1215,f11836,f665,f11644,f2830,f4932,f12441,f5678,f11058,f7060,f13898"
75,376,0.780005092802173,0.765115110971298,352,0.017962513328034484,"f13576,f6638,f1369,f3236,f9712,f4932,f13874,f3504,f665,f4135,f11836,f1215,f15198,f4867,f11644,f13898,f2830,f827,f12441,f11058"
76,376,0.7961040063377094,0.8026899329714547,344,0.017825715298308627,"f15198,f665,f6638,f13576,f13874,f4932,f1369,f3236,f3504,f9712,f4135,f1215,f11836,f11644,f13898,f12441,f11058,f4867,f5678,f7060"
77,376,0.7745444771389769,0.7760396802249232,355,0.01856480143032966,"f1369,f6638,f3504,f1215,f9712,f13874,f11836,f13576,f665,f11644,f3236,f4135,f11058,f12441,f7060,f5678,f827,f15198,f4932,f1219"
78,376,0.7798777727478498,0.8004944888931478,350,0.01860832830673042,"f1369,f6638,f3504,f4135,f3236,f13874,f1215,f9712,f4932,f15198,f11836,f665,f13576,f11644,f12441,f11058,f5678,f827,f2830,f13316"
79,376,0.7779679719330013,0.7780300201227401,357,0.01824676157767941,"f1369,f6638,f13576,f15198,f3504,f4135,f9712,f1215,f4867,f665,f4932,f13874,f3236,f11836,f7060,f11644,f11738,f5678,f12441,f11058"
80,376,0.78607401539158,0.7839133034949242,352,0.018903482898554563,"f6638,f1369,f15198,f4135,f3504,f13874,f9712,f1215,f3236,f11836,f13576,f11058,f12441,f665,f5678,f11644,f1219,f4932,f4867,f827"
81,376,0.7715170891806247,0.7847178431030717,354,0.01883529592800804,"f6638,f1369,f9712,f13874,f3504,f13576,f15198,f3236,f4135,f1215,f11836,f12441,f11644,f665,f4932,f827,f1219,f11058,f4867,f15377"
82,376,0.7975045269352647,0.8204286572636772,332,0.018376387650781142,"f15198,f6638,f1369,f13576,f13874,f3504,f3236,f9712,f4135,f4867,f1215,f2830,f665,f11836,f11058,f11644,f12441,f13898,f4932,f7060"
83,376,0.763014938886374,0.7743238121779703,360,0.01847628794828467,"f1369,f6638,f3236,f13576,f13874,f1215,f11836,f4135,f15198,f665,f3504,f9712,f5678,f11738,f11058,f12441,f11644,f4867,f7060,f4932"
84,376,0.7718990493435942,0.791463098859432,357,0.01781005809143025,"f6638,f665,f4932,f1369,f13576,f15198,f13874,f3236,f4135,f3504,f1215,f9712,f4867,f11836,f13898,f11644,f5678,f11058,f12441,f1219"
85,376,0.760284631054776,0.7658715153772133,351,0.018403355889220478,"f6638,f3236,f1369,f9712,f13874,f1215,f3504,f15198,f11836,f13576,f4135,f11644,f12441,f665,f4932,f11058,f1219,f5678,f2830,f827"
86,376,0.7965284065187869,0.8005795123963401,339,0.01811007710986154,"f1369,f665,f6638,f9712,f1215,f4135,f3236,f13576,f3504,f13874,f4932,f11836,f15198,f7060,f2830,f5678,f12441,f13898,f11058,f11644"
87,376,0.8000792213671344,0.7991806128224302,313,0.018939960416049693,"f1369,f6638,f3236,f1215,f9712,f13874,f3504,f13576,f4135,f11836,f5678,f11058,f4932,f665,f11644,f4867,f15198,f12441,f1219,f11738"
88,376,0.7912658442734269,0.8163904707896587,338,0.018387759555170802,"f6638,f13874,f1369,f665,f3236,f13576,f9712,f1219,f3504,f4135,f1215,f4932,f11836,f15198,f11644,f12441,f15040,f11058,f5678,f4867"
89,376,0.7917751244907199,0.8149800407024349,336,0.01876434366258374,"f1369,f3236,f6638,f4135,f9712,f3504,f13874,f15198,f1215,f11836,f665,f5678,f12441,f13576,f11058,f4867,f7060,f13898,f4932,f11644"
90,376,0.7733985966500679,0.7663276000092274,362,0.01866506826271241,"f1369,f13874,f6638,f15198,f3236,f9712,f3504,f1215,f4135,f13576,f11836,f665,f5678,f11058,f11644,f12441,f1219,f2830,f4932,f827"
91,376,0.7726205296514259,0.7737180025273778,338,0.018149209639770847,"f6638,f15198,f4135,f1369,f9712,f13576,f3504,f3236,f665,f13874,f1215,f11836,f11644,f4932,f5678,f12441,f2830,f7060,f11058,f4867"
92,376,0.7597329108193753,0.7462899230527471,361,0.01800525892387201,"f1369,f6638,f3236,f665,f13874,f9712,f15198,f3504,f1215,f13576,f4135,f4867,f11836,f12441,f7060,f11644,f13898,f11058,f2830,f827"
93,376,0.7656320733363512,0.780494816428034,391,0.018630627706210955,"f6638,f1369,f3236,f9712,f3504,f665,f4135,f1215,f11836,f13874,f11058,f15198,f5678,f13576,f12441,f11644,f1219,f4932,f4867,f7060"
94,376,0.7792411724762335,0.7697079302020142,363,0.018797636344196608,"f1369,f6638,f9712,f3504,f15198,f4135,f665,f1215,f11836,f13576,f13874,f3236,f11644,f12441,f1219,f11058,f5678,f7060,f4932,f827"
95,376,0.7654481665912178,0.7625735781709826,334,0.018484574935815096,"f1369,f6638,f9712,f4135,f3504,f3236,f13874,f1215,f13576,f4932,f11836,f665,f11058,f5678,f15198,f11644,f7060,f12441,f4867,f2830"
96,376,0.7820846536894521,0.7960074021299148,362,0.017593391611181335,"f6638,f665,f13576,f1369,f9712,f3504,f13874,f15198,f1215,f11644,f4932,f3236,f4867,f11836,f6561,f4135,f7060,f1219,f12441,f5678"
97,376,0.7751810774105932,0.7846766282269189,339,0.0179238124760462,"f13576,f15198,f6638,f1369,f13874,f4867,f3236,f3504,f9712,f4135,f4932,f11836,f1215,f665,f7060,f2830,f12441,f11738,f13898,f5678"
98,376,0.7924966047985514,0.7891109002716208,389,0.018789766470287364,"f1369,f6638,f9712,f3504,f4135,f13874,f1215,f2830,f15198,f3236,f11836,f13576,f665,f11058,f4932,f11644,f11738,f12441,f5678,f4867"
99,376,0.7584455636034406,0.7838616736923272,359,0.01813130664758065,"f13576,f6638,f1369,f3236,f13874,f665,f3504,f9712,f1215,f15198,f4135,f4932,f11836,f11644,f2830,f12441,f11058,f7060,f5678,f13898"
100,376,0.7861447487550929,0.8116660578702791,314,0.01875695356841573,"f13874,f6638,f1369,f3236,f4135,f9712,f1215,f3504,f11836,f13576,f4932,f665,f15198,f11644,f12441,f4867,f11058,f2830,f5678,f13898"
101,376,0.76277444545043,0.7585741298156357,315,0.017674597966028948,"f665,f6638,f13874,f1369,f13576,f15198,f9712,f3236,f4932,f1215,f3504,f11836,f4867,f11644,f4135,f1219,f13898,f12441,f7060,f2830"
102,376,0.7897380036215482,0.7931181027109702,373,0.018147789610629045,"f4135,f1369,f13576,f6638,f9712,f3504,f3236,f13874,f11836,f665,f1215,f4932,f2830,f13898,f15198,f12441,f4867,f7060,f11644,f11058"
103,376,0.7706258488003622,0.793524779099208,333,0.01876745031690817,"f6638,f1369,f3504,f9712,f1215,f4135,f3236,f5678,f665,f11836,f13576,f13874,f15198,f12441,f11644,f1219,f11058,f4867,f7060,f11738"
104,376,0.8035451561792668,0.8013972752315746,345,0.01805934002325729,"f15198,f3236,f13576,f1369,f6638,f3504,f1215,f2830,f9712,f4867,f665,f13874,f7060,f11644,f4135,f11836,f5678,f4932,f11058,f12441"
105,376,0.7482599592575826,0.7606722586627062,303,0.018340806610525583,"f6638,f13874,f1369,f3236,f13576,f15198,f3504,f9712,f1215,f11836,f4932,f665,f4135,f11644,f4867,f11058,f12441,f7060,f5678,f827"
106,376,0.7614588048890901,0.7506658701169426,359,0.018072109327631723,"f6638,f1369,f13874,f3504,f9712,f13576,f665,f4135,f1215,f3236,f11836,f7060,f15198,f11644,f2830,f5678,f12441,f4932,f4867,f11058"
107,376,0.7834710276143051,0.8012823870280203,342,0.018782832010827456,"f1369,f6638,f9712,f4135,f3504,f3236,f1215,f15198,f4932,f13874,f665,f4867,f11836,f11058,f13576,f5678,f12441,f11644,f827,f2830"
108,376,0.782028066998642,0.7941312010901234,325,0.018571509647757743,"f6638,f1369,f3504,f13874,f3236,f9712,f665,f13576,f4135,f1215,f15198,f11836,f12441,f11644,f2830,f5678,f7060,f11058,f4867,f13898"
109,376,0.7750254640108647,0.7660695534067894,318,0.01833384935347797,"f13576,f665,f6638,f1369,f9712,f3236,f3504,f4135,f13874,f1215,f4932,f11836,f15198,f11644,f5678,f12441,f7060,f11058,f4867,f2830"
110,376,0.7714887958352196,0.8153674579869143,386,0.018741843979211217,"f1369,f6638,f1215,f3236,f3504,f9712,f13576,f665,f13874,f11836,f4135,f15198,f5678,f827,f12441,f11644,f11058,f2830,f4932,f15377"
111,376,0.7626754187415119,0.7702508507164558,352,0.018397237208889812,"f6638,f1369,f3236,f3504,f13874,f4135,f1215,f9712,f11836,f665,f15198,f13576,f11644,f12441,f5678,f11058,f827,f2830,f4932,f1219"
112,376,0.7376641014033499,0.7681094113512248,356,0.018386969545935355,"f1369,f665,f6638,f9712,f3236,f13576,f3504,f1215,f4932,f13874,f15198,f4135,f11836,f4867,f5678,f11644,f2830,f11058,f12441,f7060"
113,376,0.7684897012222724,0.7493247449030969,353,0.01836832662786731,"f6638,f1369,f3236,f4135,f3504,f1215,f13576,f9712,f11836,f15198,f665,f13874,f12441,f5678,f11644,f11058,f4867,f1219,f4932,f11738"
114,376,0.7908838841104572,0.8325233588953886,351,0.018653301487458807,"f6638,f1369,f15198,f3236,f3504,f13874,f9712,f1215,f11836,f665,f4135,f5678,f11058,f11644,f4867,f13576,f12441,f15040,f11738,f13316"
115,376,0.7615295382526029,0.7735893971630279,387,0.018078554476155535,"f6638,f1369,f665,f15198,f4932,f3236,f9712,f13576,f13874,f3504,f4135,f2830,f1215,f11836,f4867,f11058,f5678,f11644,f12441,f7060"
116,376,0.7793967858759621,0.7848463169664983,340,0.018451590759758912,"f6638,f1369,f13874,f3236,f9712,f665,f13576,f4135,f3504,f4932,f1215,f11644,f15198,f11836,f11058,f11738,f15377,f5678,f827,f12441"
117,376,0.7611758714350385,0.7993377128716986,326,0.018589659589045515,"f6638,f1369,f3236,f9712,f13874,f13576,f1215,f3504,f4932,f11836,f15198,f4135,f665,f12441,f11644,f11058,f827,f5678,f2830,f7060"
118,376,0.7820705070167497,0.7921015520162249,342,0.018044214373692215,"f6638,f1369,f665,f13576,f3236,f1215,f9712,f3504,f13874,f4867,f11836,f4135,f2830,f15198,f11738,f11644,f5678,f11058,f12441,f4932"
119,376,0.7751669307378903,0.7894160665177661,368,0.017969229174381533,"f6638,f665,f1369,f3236,f13874,f4135,f13576,f4932,f3504,f9712,f15198,f11836,f11738,f1215,f4867,f5678,f2830,f12441,f7060,f13678"
120,376,0.7816744001810774,0.8059172773190422,330,0.018580827222978474,"f6638,f1369,f9712,f3236,f1215,f3504,f13874,f13576,f4135,f15198,f11836,f11058,f5678,f665,f12441,f11644,f1219,f827,f15377,f7060"
121,376,0.7492785196921684,0.7424439634162093,319,0.01858213105476756,"f1369,f6638,f3236,f9712,f3504,f1215,f4135,f13576,f15198,f13874,f11836,f665,f11644,f11058,f4932,f5678,f12441,f4867,f2830,f827"
122,376,0.7555737890448168,0.7884694849750639,351,0.018475307741182577,"f1369,f6638,f4135,f9712,f3504,f1215,f13576,f3236,f11836,f13874,f665,f4932,f827,f15198,f12441,f5678,f11644,f11058,f1219,f13316"
123,376,0.7716868492530558,0.7783379459337603,356,0.01811565147177809,"f6638,f1369,f3236,f665,f4135,f13576,f9712,f13874,f3504,f1215,f11836,f15198,f5678,f12441,f4932,f11058,f7060,f13898,f2830,f11644"
124,376,0.7809670665459484,0.7966016908211457,365,0.018797672190208045,"f1369,f6638,f4135,f3236,f13576,f3504,f1215,f11836,f9712,f665,f13874,f12441,f5678,f15198,f4932,f11058,f2830,f11644,f827,f4867"
125,376,0.7729176097781802,0.7884334628565517,328,0.018829570741372835,"f1369,f6638,f3504,f4135,f9712,f1215,f11836,f5678,f13576,f3236,f12441,f11644,f665,f15198,f4932,f13874,f1219,f11058,f7060,f11738"
126,376,0.7669618605703938,0.7807346233737775,354,0.018588503887084232,"f1369,f6638,f3236,f9712,f3504,f1215,f4135,f13576,f665,f13874,f11836,f5678,f15198,f11644,f4867,f11058,f12441,f7060,f827,f2830"
127,376,0.790119963784518,0.8106893086231635,333,0.01806333720030142,"f6638,f13576,f1369,f13874,f15198,f3236,f665,f4135,f3504,f9712,f4932,f2830,f1215,f11836,f7060,f13898,f5678,f12441,f11058,f15377"
128,376,0.7793826392032595,0.8084571346178058,348,0.01869741445308192,"f6638,f1369,f665,f15198,f3504,f9712,f13874,f1215,f3236,f4135,f5678,f11836,f11644,f13576,f12441,f11058,f4867,f1219,f2830,f4932"
129,376,0.7927512449071978,0.8236933770498599,337,0.018662219594648838,"f1369,f6638,f3236,f4135,f9712,f13874,f11058,f11836,f3504,f15198,f1215,f827,f13576,f5678,f13898,f12441,f665,f4932,f11644,f11738"
130,376,0.780443639655953,0.7880686948232543,335,0.018296813418930177,"f1369,f4135,f6638,f13576,f11836,f9712,f3504,f13874,f3236,f665,f1215,f12441,f4867,f15198,f4932,f11058,f5678,f11644,f1219,f827"
131,376,0.7886062698053419,0.8142473010209865,336,0.018705865482185405,"f1369,f6638,f13576,f9712,f3504,f3236,f4135,f1215,f12441,f665,f11836,f15198,f11644,f13874,f13898,f11058,f5678,f4932,f4867,f827"
132,376,0.7755913309189679,0.806449956331512,351,0.018787902170554413,"f6638,f1369,f3504,f9712,f1215,f4135,f13874,f15198,f11836,f11644,f3236,f12441,f13576,f2830,f4932,f665,f11058,f5678,f15377,f4867"
133,376,0.7771474649162518,0.7895643775506169,341,0.01786445030209388,"f6638,f4932,f1369,f13576,f3236,f13874,f9712,f15198,f2830,f3504,f665,f1215,f4135,f11644,f11836,f4867,f7060,f11738,f5678,f11058"
134,376,0.7749830239927569,0.7935385506176107,352,0.018378339266959316,"f665,f1369,f6638,f3236,f9712,f13874,f3504,f1215,f15198,f11058,f4135,f13576,f2830,f5678,f11836,f4932,f11644,f12441,f1219,f4867"
135,376,0.7811368266183795,0.8013639517574044,349,0.01787160889324829,"f6638,f3236,f15198,f1369,f665,f13874,f3504,f9712,f13576,f4135,f1215,f2830,f4932,f7060,f11836,f13898,f5678,f11644,f11058,f12441"
136,376,0.7634959257582618,0.7571323633720024,353,0.01799959241055901,"f9712,f1369,f6638,f15198,f13874,f665,f3504,f4135,f3236,f13576,f1215,f11836,f2830,f11058,f7060,f4932,f4867,f12441,f11644,f13898"
137,376,0.7759025577184248,0.7795450122194533,307,0.01817416638987969,"f6638,f3236,f1369,f13576,f4135,f9712,f13874,f665,f3504,f1215,f11058,f11836,f4932,f15198,f12441,f5678,f7060,f827,f1219,f4867"
138,376,0.774544477138977,0.7805541368756455,334,0.01894520681371236,"f1369,f6638,f13576,f15198,f9712,f1215,f3236,f3504,f4135,f11836,f13874,f5678,f665,f12441,f11058,f7060,f11644,f2830,f13898,f1219"
139,376,0.7610626980534178,0.7722403943145728,353,0.018226254488678345,"f1369,f13576,f9712,f15198,f6638,f3236,f3504,f4135,f1215,f665,f11836,f2830,f13874,f4932,f5678,f12441,f11058,f7060,f11644,f4867"
140,376,0.792072204617474,0.7578459506393025,358,0.018203178148201465,"f15198,f13576,f1369,f6638,f4135,f1215,f9712,f3504,f3236,f11836,f13874,f665,f11644,f4932,f5678,f7060,f11058,f4867,f2830,f1219"
141,376,0.7663252602987777,0.7841550318637827,341,0.018096739421301355,"f1369,f3236,f6638,f9712,f13874,f13576,f4135,f3504,f4932,f15198,f1215,f7060,f665,f11836,f11644,f12441,f11058,f13898,f827,f4867"
142,376,0.7663111136260752,0.7540782893502853,363,0.018163861384853063,"f6638,f1369,f15198,f3236,f13874,f13576,f3504,f9712,f1215,f665,f4932,f4867,f11644,f4135,f11836,f1219,f7060,f12441,f5678,f2830"
143,376,0.7819290402897239,0.76965994652815,352,0.01778610558447208,"f6638,f13576,f1369,f13874,f665,f3236,f9712,f15198,f3504,f1215,f4135,f2830,f11836,f11644,f11058,f4867,f13898,f4932,f1219,f12441"
144,376,0.7929351516523313,0.8222689075954652,336,0.01824041362356471,"f13576,f1369,f6638,f1215,f15198,f9712,f3504,f2830,f3236,f4135,f665,f4932,f11836,f13898,f13874,f11058,f7060,f5678,f12441,f4867"
145,376,0.7729034631054776,0.7794467017342219,361,0.018083678553514948,"f3236,f1369,f6638,f13576,f9712,f3504,f2830,f4135,f1215,f15198,f665,f13874,f4867,f4932,f11836,f11058,f5678,f12441,f11644,f1219"
146,376,0.7440725441376187,0.7685362379764403,342,0.018072053686061733,"f665,f3236,f1369,f6638,f4135,f9712,f3504,f13576,f1215,f15198,f13874,f11836,f4932,f5678,f4867,f2830,f11644,f11058,f7060,f11738"
147,376,0.7721395427795383,0.7751531406292336,332,0.018164784414693692,"f6638,f1369,f13874,f15198,f9712,f13576,f3504,f4932,f665,f1215,f4135,f3236,f11836,f11058,f12441,f2830,f11644,f5678,f827,f13898"
148,376,0.7709653689452242,0.7896048545917775,397,0.01816434741634477,"f6638,f1369,f13874,f13576,f665,f11058,f3504,f9712,f3236,f15198,f11836,f1215,f5678,f12441,f4135,f2830,f827,f4932,f11644,f4867"
149,376,0.7612748981439565,0.8035115992153994,306,0.018790059381144773,"f6638,f13576,f1369,f4135,f3236,f13874,f3504,f1215,f11836,f11644,f9712,f15198,f12441,f1219,f665,f4932,f11058,f5678,f827,f7060"
150,376,0.7604543911272069,0.7833355339510437,357,0.018031913484942062,"f1369,f3236,f6638,f13576,f15198,f1215,f665,f9712,f3504,f4932,f13874,f11836,f2830,f4135,f11644,f5678,f11058,f12441,f4867,f11738"
151,376,0.8003055681303758,0.8153039606304964,322,0.018742180226291406,"f6638,f1369,f665,f3236,f3504,f9712,f1215,f13576,f13874,f11836,f5678,f4135,f11058,f2830,f12441,f11644,f4932,f11738,f15198,f1219"
152,376,0.75306982797646,0.7398093643487563,344,0.01789223328926301,"f6638,f1369,f13576,f665,f3236,f15198,f3504,f13874,f9712,f4932,f1215,f4135,f11644,f2830,f11836,f5678,f1219,f4867,f11058,f12441"
153,376,0.7669194205522861,0.7919936613582819,365,0.01852429119691726,"f1369,f3236,f6638,f13874,f3504,f13576,f1215,f9712,f15198,f11836,f5678,f4135,f4932,f4867,f665,f11738,f11644,f11058,f12441,f1219"
154,376,0.7719980760525125,0.7832143267301662,350,0.0183922367101099,"f6638,f1369,f13576,f3236,f11644,f3504,f1215,f13874,f9712,f4135,f665,f15198,f11836,f12441,f1219,f2830,f5678,f4932,f827,f11058"
155,376,0.7723234495246718,0.7708062605796598,334,0.017915999957736795,"f6638,f1369,f13576,f665,f9712,f3236,f3504,f15198,f13874,f4135,f4932,f11836,f7060,f4867,f1215,f2830,f12441,f13898,f11644,f5678"
156,376,0.7515419873245812,0.7581200340586365,316,0.01848546002912234,"f1369,f3236,f9712,f3504,f15198,f13874,f1215,f6638,f665,f11836,f13576,f4135,f11644,f5678,f4932,f12441,f7060,f11058,f4867,f1219"
157,376,0.7933312584880037,0.8066014423093854,353,0.018724697567720654,"f1369,f6638,f13576,f9712,f3504,f4135,f13874,f3236,f1215,f4867,f665,f15198,f11058,f11836,f4932,f7060,f2830,f5678,f11644,f12441"
158,376,0.7812358533272974,0.8030782345375935,305,0.018573548907334793,"f1369,f9712,f665,f3504,f6638,f1215,f3236,f13576,f11836,f4135,f11644,f15198,f13874,f4867,f12441,f11058,f5678,f11738,f827,f7060"
159,376,0.7789299456767768,0.8165454204678242,364,0.01885271546470514,"f1369,f9712,f3236,f6638,f3504,f4135,f1215,f13874,f15198,f665,f11836,f4932,f7060,f11058,f11644,f12441,f5678,f13576,f11738,f2830"
160,376,0.7728044363965594,0.7199009519887392,362,0.01815841472311379,"f13576,f6638,f1369,f4135,f3504,f9712,f1215,f13874,f3236,f665,f11836,f11644,f15198,f12441,f11058,f2830,f5678,f4867,f4932,f7060"
161,376,0.7729317564508826,0.7810387083628634,362,0.018236429901159486,"f13874,f6638,f1369,f9712,f3236,f11836,f3504,f1215,f15198,f665,f4135,f11644,f12441,f13576,f1219,f5678,f11058,f4932,f4867,f7060"
162,376,0.7867389090086012,0.8023181000388949,353,0.01870746010458689,"f1369,f6638,f9712,f3236,f3504,f1215,f11836,f13874,f13576,f4135,f11644,f15198,f1219,f11058,f12441,f13316,f5678,f665,f827,f4867"
163,376,0.7724932095971028,0.7870874125916818,360,0.018713940266876436,"f1369,f6638,f3236,f9712,f3504,f4135,f665,f1215,f12441,f11836,f11058,f5678,f13874,f15198,f11644,f13576,f4932,f827,f1219,f4867"
164,376,0.7619114984155727,0.8060998189068489,379,0.018203420559578413,"f665,f6638,f1369,f3236,f9712,f3504,f1215,f11644,f13874,f4135,f13576,f15198,f12441,f11836,f1219,f4867,f4932,f11058,f5678,f6561"
165,376,0.7908697374377547,0.8247366863225438,328,0.01939014390487459,"f1369,f6638,f13874,f3236,f15198,f9712,f4135,f1215,f3504,f13576,f11836,f11058,f5678,f665,f4932,f4867,f12441,f11644,f827,f2830"
166,376,0.7777416251697601,0.8030790606996996,357,0.018744684721125227,"f6638,f1369,f13874,f4135,f9712,f3236,f3504,f7060,f1215,f15198,f13576,f11836,f665,f12441,f11058,f11644,f4867,f5678,f827,f1219"
167,376,0.8117219330013581,0.8113222171038017,311,0.01807277365785803,"f13576,f15198,f1369,f665,f3236,f6638,f9712,f3504,f13874,f4135,f7060,f4867,f1215,f2830,f11836,f13898,f11058,f4932,f12441,f5678"
168,376,0.7751386373924853,0.8021622282277512,335,0.018120509081896607,"f6638,f1369,f665,f13576,f15198,f13874,f3236,f3504,f4135,f4932,f9712,f4867,f11836,f1215,f7060,f11738,f5678,f11058,f12441,f11644"
169,376,0.7677540742417385,0.7702725451588595,374,0.01797845010011593,"f6638,f3236,f13874,f1369,f9712,f13576,f4135,f3504,f1215,f11836,f665,f15198,f4932,f11644,f1219,f11058,f5678,f12441,f2830,f11738"
170,376,0.7691687415119963,0.7669074708926211,365,0.018665918718746025,"f1369,f6638,f15198,f13874,f1215,f665,f3504,f13576,f3236,f9712,f11836,f4135,f4932,f5678,f11058,f2830,f11644,f7060,f11738,f12441"
171,376,0.7453598913535536,0.7810422093456031,326,0.018223643218702117,"f6638,f1369,f13874,f3504,f3236,f665,f9712,f1215,f4135,f13576,f15198,f11836,f1219,f11644,f4867,f4932,f12441,f5678,f13898,f11058"
172,376,0.7645286328655501,0.765190318656603,352,0.01874311406541851,"f1369,f6638,f4135,f3236,f3504,f9712,f1215,f13874,f665,f11836,f15198,f13576,f12441,f11058,f5678,f11644,f4932,f4867,f827,f1219"
173,376,0.7857769352648258,0.7835395202751743,339,0.018235981142386136,"f6638,f15198,f1369,f3236,f9712,f3504,f13576,f11836,f1215,f4135,f665,f13874,f2830,f5678,f11058,f11644,f4932,f4867,f12441,f1219"
174,376,0.7611617247623359,0.782109734986109,342,0.018721056661192066,"f1369,f3236,f3504,f9712,f6638,f1215,f13874,f11836,f665,f11058,f4135,f13576,f15198,f11644,f12441,f5678,f4932,f827,f1219,f13316"
175,376,0.7761430511543685,0.7761652640291501,341,0.01822194529875635,"f3236,f6638,f1369,f4932,f13576,f665,f4135,f1215,f15198,f3504,f9712,f13874,f11836,f2830,f12441,f11644,f11058,f5678,f13898,f4867"
176,376,0.7647408329560889,0.7733494995539816,301,0.0187026620594824,"f4135,f1369,f6638,f4932,f13576,f9712,f13874,f11836,f3504,f1215,f665,f3236,f15198,f5678,f12441,f11058,f11644,f2830,f1219,f4867"
177,376,0.7840651878678135,0.7936470968592882,356,0.018192776463965443,"f13576,f1369,f6638,f3236,f4867,f13874,f9712,f665,f3504,f1215,f4135,f11836,f15198,f11058,f5678,f7060,f12441,f11644,f4932,f2830"
178,376,0.7877857627885921,0.7907154062226194,352,0.018869442255929722,"f1369,f1215,f9712,f3504,f4135,f3236,f6638,f11836,f13874,f11644,f665,f12441,f13576,f11058,f5678,f4867,f15198,f1219,f13316,f7060"
179,376,0.7823534404708012,0.7917026037755095,365,0.01814716732862621,"f6638,f4932,f1369,f665,f13576,f3236,f13874,f4135,f9712,f3504,f1215,f15198,f4867,f11836,f2830,f5678,f11738,f12441,f11058,f11644"
180,376,0.7653208465368945,0.7865368290106247,377,0.018731089482242416,"f6638,f1369,f3236,f1215,f9712,f13874,f3504,f11836,f4135,f4932,f11058,f13576,f11644,f15198,f5678,f12441,f827,f665,f7060,f2830"
181,376,0.7731722498868266,0.8162267156689084,390,0.01835472593975667,"f15198,f1369,f13576,f6638,f3236,f9712,f1215,f3504,f4932,f13874,f4135,f2830,f11836,f11738,f7060,f4867,f665,f11644,f5678,f13678"
182,376,0.7813773200543233,0.7825025573078097,366,0.018946600736099016,"f1369,f3504,f6638,f1215,f9712,f15198,f4135,f11644,f13874,f665,f11836,f3236,f13576,f11058,f12441,f5678,f7060,f1219,f827,f4932"
183,376,0.7874038026256225,0.8049961840800521,313,0.018272216585365673,"f1369,f6638,f13576,f3236,f13874,f4135,f9712,f4867,f3504,f4932,f665,f11836,f11738,f1215,f15198,f13678,f11058,f5678,f11644,f12441"
184,376,0.779127999094613,0.781015334238373,398,0.018473361316632374,"f1369,f6638,f3236,f9712,f4135,f3504,f13576,f665,f1215,f11836,f13874,f1219,f11058,f12441,f5678,f827,f15198,f11644,f4932,f13316"
185,376,0.7841359212313265,0.8194137739694305,356,0.01909310387031351,"f1369,f6638,f13874,f9712,f1215,f3236,f3504,f11836,f4135,f11058,f13576,f11644,f12441,f827,f665,f15198,f5678,f13316,f1219,f7060"
186,376,0.7918458578542327,0.8238846297771696,369,0.019029880185274663,"f1369,f9712,f3504,f6638,f3236,f1215,f11836,f4135,f12441,f665,f4932,f11058,f11644,f13874,f13576,f1219,f5678,f827,f15198,f4867"
187,376,0.7725922363060209,0.7568337073336617,312,0.01869732320328498,"f6638,f1369,f3504,f1215,f9712,f13576,f11644,f4135,f13874,f11836,f665,f12441,f3236,f15198,f1219,f11058,f5678,f4932,f4867,f11738"
188,376,0.7856779085559078,0.810956114521971,375,0.018066560210501556,"f6638,f665,f13576,f1369,f13874,f15198,f3236,f4867,f4135,f9712,f3504,f4932,f1215,f7060,f11836,f13898,f11644,f2830,f11738,f12441"
189,376,0.786781349026709,0.7877934309634704,364,0.018066061477355157,"f3236,f1369,f6638,f665,f13576,f13874,f15198,f4932,f3504,f4135,f1215,f9712,f11836,f11644,f2830,f12441,f11058,f5678,f827,f7010"
190,376,0.7950288592123131,0.7873212247819803,341,0.017956957453861812,"f13576,f15198,f6638,f4932,f1369,f4135,f3236,f3504,f9712,f665,f1215,f7060,f13874,f4867,f2830,f11836,f5678,f11644,f12441,f11058"
191,376,0.773426889995473,0.7976990673543347,349,0.01797312535246475,"f3236,f6638,f15198,f1369,f13576,f13874,f1215,f3504,f9712,f4867,f4932,f665,f2830,f4135,f7060,f11836,f5678,f11058,f11644,f7010"
192,376,0.7798211860570394,0.821336431285189,361,0.019139590896071562,"f6638,f1369,f3504,f1215,f13874,f3236,f4135,f9712,f15198,f13576,f11836,f5678,f11644,f4932,f11058,f2830,f665,f12441,f4867,f827"
193,376,0.7699185151652331,0.7923320685129942,297,0.018351613479527677,"f1369,f3236,f6638,f4135,f9712,f7060,f3504,f13576,f1215,f13874,f15198,f11836,f665,f11058,f4932,f5678,f12441,f2830,f4867,f11644"
194,376,0.7667779538252604,0.7845617497809168,348,0.01808514952798312,"f6638,f3236,f1369,f13874,f13576,f665,f4135,f9712,f3504,f15198,f1215,f4932,f11836,f11738,f2830,f4867,f5678,f7060,f11058,f11644"
195,376,0.7651227931190584,0.776491774617998,324,0.018415372149939525,"f1369,f13576,f6638,f3504,f665,f1215,f15198,f4135,f9712,f11836,f3236,f12441,f11058,f5678,f13874,f4932,f11644,f4867,f7060,f1219"
196,376,0.7657735400633771,0.7801211987187825,329,0.018518044846132377,"f6638,f1369,f3236,f15198,f1215,f3504,f9712,f13874,f13576,f665,f4135,f11644,f4932,f11836,f12441,f2830,f5678,f7060,f11058,f13898"
197,376,0.7816319601629697,0.7744906897360658,357,0.01864098085268854,"f1369,f15198,f3236,f13874,f6638,f9712,f3504,f13576,f4135,f1215,f11058,f665,f11836,f12441,f5678,f2830,f11644,f4932,f4867,f1219"
198,376,0.7739927569035763,0.7990501183443391,331,0.017883246452448508,"f13576,f1369,f6638,f665,f3236,f9712,f4135,f15198,f3504,f13874,f4867,f1215,f11836,f4932,f11738,f5678,f12441,f13898,f13678,f2830"
199,376,0.7929917383431415,0.802820514751941,320,0.01845895332046485,"f3236,f1369,f6638,f9712,f1215,f13576,f3504,f4135,f11836,f13874,f665,f2830,f5678,f11058,f15198,f4867,f12441,f11738,f4932,f11644"
200,376,0.7698336351290177,0.7974517078004688,342,0.017989018431646686,"f13576,f6638,f4135,f1369,f665,f3504,f9712,f1215,f3236,f4932,f15198,f11836,f7060,f13874,f11644,f12441,f13898,f5678,f11058,f2830"
201,376,0.7704277953825261,0.7923355081907408,382,0.01786140094392316,"f665,f6638,f1369,f3236,f3504,f9712,f1215,f13576,f15198,f13874,f4932,f11644,f11836,f5678,f4135,f12441,f13898,f11058,f2830,f1219"
202,376,0.7863710955183341,0.7652601735428821,346,0.01842711490895993,"f6638,f4932,f15198,f1369,f3236,f9712,f3504,f13874,f4135,f1215,f11836,f13576,f665,f5678,f11058,f11644,f7060,f12441,f1219,f2830"
203,376,0.7701024219103666,0.7818274309515807,305,0.0186828609823467,"f1369,f3504,f9712,f4135,f6638,f1215,f3236,f11836,f13874,f665,f15198,f5678,f12441,f13576,f11058,f11644,f2830,f4867,f4932,f7060"
204,376,0.7636656858306926,0.7619798809333845,341,0.01823507138884604,"f6638,f1369,f15198,f13874,f13576,f665,f3504,f3236,f1215,f9712,f4135,f4867,f11836,f4932,f11644,f12441,f11058,f5678,f15377,f2830"
205,376,0.7590397238569488,0.8042505730329824,340,0.018458030449147213,"f6638,f3236,f1369,f13874,f665,f1215,f3504,f15198,f9712,f13576,f11836,f4867,f11644,f12441,f4135,f5678,f11058,f4932,f2830,f1219"
206,376,0.7851969216840199,0.8053698964252223,328,0.01754501582361121,"f13576,f6638,f13874,f665,f1369,f3504,f15198,f3236,f9712,f4135,f13898,f4932,f1215,f11836,f4867,f11644,f12441,f1219,f7060,f2830"
207,376,0.7804719330013581,0.7992980445991815,313,0.017837613637737428,"f3236,f6638,f13874,f1369,f13576,f4135,f3504,f4932,f9712,f15198,f665,f13898,f1215,f11836,f2830,f4867,f11058,f12441,f5678,f7060"
208,376,0.7714180624717067,0.7863176785688741,328,0.01860372949530309,"f1369,f3236,f4135,f13576,f6638,f665,f9712,f11836,f3504,f1215,f13874,f12441,f11058,f5678,f15198,f11644,f4867,f827,f4932,f1219"
209,376,0.7770625848800363,0.8149656507295754,331,0.018300217888417056,"f1369,f4867,f6638,f15198,f2830,f9712,f3504,f4135,f13874,f13576,f665,f1215,f11836,f3236,f7060,f11058,f12441,f5678,f4932,f11644"
210,376,0.7665657537347217,0.7843088825882842,365,0.018291798851234775,"f6638,f1369,f13874,f3236,f665,f4135,f13576,f15198,f9712,f11836,f3504,f1215,f11058,f5678,f11738,f2830,f12441,f4932,f11644,f827"
211,376,0.7667072204617473,0.8007218102265663,379,0.018561211498850497,"f13874,f6638,f1369,f15198,f3236,f1215,f11058,f3504,f4932,f9712,f11836,f13576,f665,f4135,f5678,f827,f11644,f7060,f12441,f13316"
212,376,0.7939112720688094,0.8154026795658303,297,0.018916316444371268,"f1369,f6638,f15198,f3504,f9712,f665,f1215,f11836,f13576,f3236,f4135,f12441,f5678,f11058,f11644,f13874,f4867,f1219,f7060,f4932"
213,376,0.7611475780896333,0.7513441799666059,363,0.017925925250660522,"f6638,f1369,f3236,f13576,f665,f13874,f9712,f3504,f4932,f1215,f4867,f4135,f15198,f11644,f2830,f11836,f12441,f11738,f11058,f5678"
214,376,0.7659150067904029,0.7754645474937534,352,0.01861342259167513,"f1369,f6638,f9712,f4135,f3504,f1215,f13576,f3236,f15198,f11836,f665,f13874,f11058,f12441,f11644,f7060,f4932,f5678,f827,f2830"
215,376,0.8057378904481666,0.8039402953981685,367,0.018380317673523036,"f6638,f1369,f4932,f13576,f4135,f9712,f3504,f13874,f1215,f3236,f15198,f11836,f665,f12441,f7060,f11644,f11058,f13898,f2830,f827"
216,376,0.7612466047985513,0.7820595279547925,329,0.018642268108917337,"f6638,f1369,f3236,f3504,f9712,f13874,f1215,f4135,f15198,f11644,f11836,f4932,f665,f13576,f12441,f4867,f5678,f11058,f1219,f7010"
217,376,0.7670467406066094,0.7654482267906302,341,0.01869343719048859,"f1369,f6638,f3504,f9712,f665,f13874,f13576,f15198,f1215,f3236,f4135,f11836,f12441,f11644,f11058,f5678,f2830,f4932,f827,f4867"
218,376,0.7691404481665911,0.798167385483594,390,0.018579344052147652,"f6638,f1369,f9712,f15198,f3504,f3236,f1215,f4135,f13576,f13874,f11836,f665,f4932,f11644,f5678,f12441,f11058,f827,f13316,f2830"
219,376,0.7504668401991853,0.7633847595981524,345,0.01793445802808915,"f665,f6638,f1369,f13576,f3236,f4135,f11836,f15198,f9712,f3504,f13874,f1215,f11058,f11644,f12441,f5678,f1219,f4932,f2830,f4867"
220,376,0.7673296740606609,0.7496290547289906,327,0.01777571976244289,"f6638,f1369,f665,f4932,f13576,f3236,f9712,f3504,f15198,f1215,f13874,f4135,f11836,f5678,f11058,f7060,f12441,f13898,f11644,f2830"
221,376,0.7521927342689,0.770928516142168,369,0.018975562014755712,"f1369,f4135,f3504,f6638,f9712,f1215,f3236,f11836,f13874,f13576,f12441,f665,f11644,f15198,f11058,f5678,f4932,f827,f1219,f13316"
222,376,0.7644013128112268,0.781452919056981,325,0.01802809359604847,"f6638,f13576,f1369,f3236,f3504,f9712,f665,f13874,f4135,f1215,f15198,f11644,f11836,f4932,f5678,f13898,f12441,f1219,f827,f11058"
223,376,0.7474535989135356,0.7625199138898864,359,0.01820384262704307,"f1369,f6638,f13576,f15198,f4135,f3504,f3236,f9712,f7060,f1215,f665,f4932,f13874,f11836,f11058,f2830,f4867,f12441,f13898,f5678"
224,376,0.7935151652331373,0.7813452912786314,388,0.018446580571261154,"f1369,f13874,f6638,f3236,f13576,f4135,f9712,f3504,f1215,f2830,f665,f11836,f1219,f4932,f12441,f15198,f5678,f11058,f11644,f11738"
225,376,0.7563518560434587,0.749932443769668,385,0.018151737249238353,"f6638,f1369,f13576,f13874,f9712,f4135,f3504,f15198,f1215,f3236,f11836,f665,f4932,f11644,f2830,f1219,f12441,f11058,f4867,f5678"
226,376,0.7329249660479855,0.7567281850214591,338,0.018485480637111223,"f1369,f6638,f4135,f3504,f665,f1215,f11836,f9712,f3236,f13576,f13874,f5678,f15198,f4932,f12441,f11058,f11644,f4867,f1219,f7060"
227,376,0.7955381394296062,0.8126071216191297,340,0.018330920898811276,"f15198,f1369,f13576,f6638,f3236,f3504,f665,f9712,f1215,f11644,f13874,f4867,f4135,f1219,f11836,f12441,f4932,f5678,f11058,f2830"
228,376,0.7785055454956994,0.7961200794660988,344,0.018381032750921976,"f1369,f13576,f6638,f4135,f3236,f3504,f1215,f665,f9712,f13874,f11836,f7060,f12441,f5678,f15198,f4932,f11644,f11058,f827,f2830"
229,376,0.7632271389769126,0.7492279668528341,345,0.01828280152217978,"f6638,f1369,f13576,f4932,f3504,f13874,f3236,f1215,f9712,f11836,f4135,f15198,f11644,f665,f5678,f12441,f1219,f11058,f2830,f4867"
230,376,0.7709229289271164,0.7627618692032236,329,0.018514235667448385,"f6638,f13874,f1369,f15198,f3504,f3236,f1215,f665,f9712,f4135,f13576,f11836,f11058,f11644,f5678,f4932,f1219,f12441,f4867,f11738"
231,376,0.7665374603893165,0.7814020544704514,349,0.01809795257793935,"f4932,f6638,f1369,f13576,f3236,f665,f3504,f1215,f9712,f15198,f4135,f4867,f13874,f7060,f11836,f11644,f2830,f12441,f5678,f11058"
232,376,0.7726629696695336,0.785914781795932,334,0.01846140553243456,"f6638,f1369,f4135,f3504,f9712,f4932,f1215,f11644,f13874,f3236,f13576,f11836,f15198,f665,f1219,f12441,f7060,f5678,f827,f11058"
233,376,0.7439735174287008,0.7422223972959288,346,0.017934392023078595,"f6638,f665,f1369,f3236,f13576,f9712,f15198,f1215,f3504,f13874,f4135,f11836,f11644,f4932,f1219,f12441,f5678,f2830,f4867,f11058"
234,376,0.7737239701222273,0.7847729094920755,319,0.018496527965675937,"f1369,f6638,f9712,f3504,f1215,f11836,f3236,f4135,f11644,f665,f15198,f13874,f7060,f13576,f11058,f12441,f1219,f4867,f5678,f827"
235,376,0.789681416930738,0.7878425481846034,326,0.018521839173193604,"f15198,f1369,f6638,f3504,f13874,f1215,f7060,f9712,f13576,f3236,f665,f4932,f4135,f11836,f11644,f4867,f5678,f12441,f11058,f2830"
236,376,0.7826788139429606,0.7984009792227724,341,0.017570978937115733,"f6638,f13874,f13576,f1369,f3236,f665,f9712,f13898,f3504,f4867,f15198,f1215,f4135,f7060,f11644,f11836,f4932,f827,f12441,f11058"
237,376,0.7836549343594386,0.8055807587944348,349,0.01859577303811747,"f15198,f1369,f6638,f3236,f3504,f1215,f9712,f11644,f11836,f4932,f13576,f13874,f4135,f665,f1219,f12441,f5678,f2830,f11058,f4867"
238,376,0.7719273426889995,0.7640673107246161,392,0.018396020871884307,"f6638,f1369,f665,f13576,f3504,f9712,f4135,f11836,f4932,f1215,f3236,f15198,f13874,f1219,f5678,f11058,f11644,f4867,f12441,f7060"
239,376,0.7813348800362155,0.7952411048499877,348,0.0186022144514433,"f1369,f6638,f4135,f3236,f13874,f9712,f3504,f1215,f13576,f11836,f12441,f11644,f665,f5678,f11058,f4867,f827,f1219,f4932,f15198"
240,376,0.7557011090991399,0.7895396273296239,354,0.01894077603665594,"f1369,f3504,f9712,f6638,f3236,f1215,f4135,f13874,f11644,f13576,f15198,f11058,f11836,f4932,f12441,f827,f5678,f665,f1219,f4867"
241,376,0.7790148257129924,0.8210448991033915,306,0.019095305417803035,"f1369,f9712,f3504,f6638,f4135,f1215,f11836,f11058,f12441,f3236,f827,f11644,f5678,f13874,f13576,f665,f13316,f1219,f5017,f4932"
242,376,0.7721253961068357,0.8002321099174563,364,0.017982592969696863,"f13576,f6638,f1369,f13874,f665,f3504,f9712,f4867,f15198,f1215,f11836,f4932,f3236,f4135,f7060,f11738,f5678,f15377,f11058,f12441"
243,376,0.7638354459031236,0.7797594142944831,338,0.018571363103159856,"f6638,f1369,f9712,f13874,f4135,f3504,f3236,f13576,f665,f11836,f1215,f15198,f4932,f11644,f5678,f12441,f1219,f11058,f13316,f827"
244,376,0.7568469895880489,0.7914326291974887,341,0.018290783273690218,"f6638,f1369,f3504,f9712,f13576,f1215,f13874,f3236,f4135,f665,f11836,f15198,f11644,f7060,f12441,f11738,f4932,f827,f4867,f5678"
245,376,0.7738229968311454,0.7972483950018191,368,0.018552038298444203,"f13576,f1369,f6638,f13874,f15198,f9712,f3236,f3504,f1215,f4135,f11836,f12441,f665,f2830,f7060,f11644,f5678,f11058,f827,f4932"
246,376,0.7637222725215028,0.7852565206473985,449,0.018120644193023734,"f13576,f6638,f1369,f665,f13874,f3236,f15198,f9712,f4135,f3504,f1215,f11836,f11644,f12441,f2830,f13898,f4932,f827,f5678,f7060"
247,376,0.7985655273879583,0.7915641288847493,349,0.018121971248431068,"f6638,f665,f3236,f1369,f13576,f13874,f3504,f1215,f9712,f15198,f11644,f4135,f11836,f11738,f7060,f12441,f5678,f2830,f11058,f4932"
248,376,0.7815895201448619,0.8236773126830172,322,0.018834493980009796,"f6638,f1369,f13874,f1215,f3504,f3236,f9712,f13576,f4135,f15198,f11836,f5678,f11058,f11644,f665,f4932,f827,f12441,f2830,f11738"
249,376,0.7707956088727931,0.7979053131618372,346,0.01828567510807607,"f6638,f1369,f3236,f665,f15198,f13874,f1215,f3504,f11836,f9712,f4932,f13576,f11644,f4135,f5678,f4867,f2830,f12441,f11738,f11058"
250,376,0.7626188320507017,0.7732503123218983,344,0.01803873730526165,"f6638,f3236,f13874,f15198,f1369,f1215,f3504,f13576,f2830,f9712,f665,f4135,f11836,f11644,f4932,f11058,f5678,f827,f4867,f7060"
251,376,0.7704277953825259,0.7811378629121114,325,0.018651446094736436,"f1369,f13576,f6638,f9712,f3504,f4135,f1215,f11836,f13874,f3236,f11644,f4932,f4867,f15198,f5678,f665,f11058,f2830,f12441,f827"
252,376,0.7678955409687641,0.7654765122195724,312,0.018654775761186737,"f6638,f13874,f1369,f4135,f3504,f9712,f1215,f3236,f11836,f13576,f665,f4932,f12441,f5678,f11644,f2830,f1219,f11058,f4867,f827"
253,376,0.7716444092349479,0.7557271480553012,359,0.01838920033100911,"f6638,f1369,f4932,f3504,f13576,f3236,f1215,f9712,f11836,f13874,f4135,f665,f15198,f5678,f12441,f7060,f4867,f827,f11644,f11058"
254,376,0.7610344047080128,0.7944070250944841,365,0.018684800114839292,"f13874,f1369,f3236,f6638,f3504,f9712,f1215,f11836,f4135,f13576,f4932,f15198,f11644,f665,f11058,f2830,f12441,f5678,f11738,f13316"
255,376,0.7876867360796741,0.8041612799933613,327,0.018165634910358053,"f13874,f6638,f1369,f3236,f15198,f665,f1215,f9712,f13576,f3504,f2830,f4135,f11836,f4867,f11644,f7060,f11058,f5678,f12441,f4932"
256,376,0.7774021050248981,0.7828163743135138,395,0.01867392512058163,"f1369,f3504,f9712,f6638,f1215,f665,f11644,f12441,f4135,f13576,f3236,f4932,f11836,f5678,f11058,f13874,f1219,f15198,f827,f7060"
257,376,0.8008997283838841,0.8178369650588333,360,0.019000227290621757,"f1369,f665,f1215,f11836,f3236,f9712,f3504,f6638,f4135,f12441,f13576,f11644,f5678,f13874,f4867,f11058,f1219,f4932,f15198,f2830"
258,376,0.7626754187415121,0.8075291813049199,350,0.018900325090842336,"f13576,f1369,f4135,f6638,f3504,f9712,f11836,f1215,f15198,f665,f12441,f4932,f13874,f3236,f11644,f827,f11058,f7060,f5678,f1219"
259,376,0.7764967179719331,0.8046402307053766,346,0.01852087444189854,"f6638,f3504,f1369,f3236,f13874,f1215,f4135,f9712,f11644,f11836,f665,f13576,f15198,f4932,f1219,f11058,f12441,f5678,f827,f13898"
260,376,0.78519692168402,0.8068330110688692,347,0.018617680053563485,"f6638,f1369,f15198,f4135,f3236,f9712,f3504,f1215,f13874,f11836,f13576,f12441,f11058,f827,f665,f11644,f5678,f1219,f4932,f7060"
261,376,0.7708239022181984,0.7517004810333885,385,0.017991298121063294,"f6638,f1369,f13576,f13874,f3504,f1215,f9712,f665,f4135,f3236,f4867,f15198,f11644,f11836,f4932,f1219,f7060,f12441,f5678,f11058"
262,376,0.7597612041647804,0.743821475028658,346,0.0179443420356813,"f9712,f1369,f6638,f13576,f4932,f3504,f13874,f3236,f15198,f4135,f665,f1215,f11836,f12441,f1219,f11644,f2830,f11058,f5678,f7060"
263,376,0.7724790629244004,0.7692577423821726,357,0.018184248055826767,"f6638,f3236,f1369,f665,f9712,f4135,f3504,f13874,f11836,f1215,f13576,f4867,f4932,f12441,f11058,f11644,f5678,f15198,f2830,f827"
264,376,0.7809104798551381,0.7905919128519243,364,0.01805918663244771,"f665,f6638,f3236,f1369,f13576,f15198,f4932,f13874,f3504,f9712,f1215,f11836,f2830,f11644,f5678,f4135,f1219,f12441,f4867,f11738"
265,376,0.7718990493435944,0.7689786894581155,357,0.01854056761441552,"f6638,f1369,f3236,f3504,f13874,f9712,f4932,f4135,f13576,f1215,f11836,f665,f15198,f5678,f2830,f11644,f12441,f11058,f1219,f4867"
266,376,0.784249094612947,0.7867554193936632,363,0.018336392765706186,"f1369,f6638,f13874,f13576,f4135,f9712,f3504,f3236,f11836,f1215,f11058,f827,f5678,f12441,f15198,f2830,f665,f11644,f4932,f7060"
267,376,0.783711521050249,0.7805562986680255,346,0.018354068148603755,"f1369,f3504,f6638,f3236,f4135,f9712,f1215,f13874,f11836,f15198,f665,f13576,f11644,f12441,f1219,f11058,f5678,f4932,f13898,f827"
268,376,0.7657311000452693,0.7723836451199205,358,0.018391315424022184,"f6638,f4135,f1369,f3236,f15198,f3504,f13576,f9712,f1215,f11836,f13874,f665,f11644,f4932,f12441,f2830,f11058,f5678,f827,f4867"
269,376,0.7631705522861023,0.7530761878437667,347,0.018037432661042227,"f13576,f6638,f1369,f3504,f665,f4135,f3236,f9712,f1215,f4932,f15198,f13874,f4867,f7060,f2830,f11644,f11836,f11738,f12441,f11058"
270,376,0.7617417383431417,0.7693754554710419,384,0.01852063828227207,"f6638,f1369,f9712,f3504,f3236,f4135,f1215,f13874,f665,f11836,f13576,f15198,f12441,f11644,f1219,f4932,f4867,f5678,f2830,f13316"
271,376,0.7644013128112268,0.7668132656504943,350,0.01784330598039035,"f13874,f6638,f3236,f1369,f15198,f13576,f3504,f665,f1215,f9712,f4932,f11644,f11836,f2830,f4867,f4135,f11738,f5678,f12441,f7060"
272,376,0.7895823902218199,0.793718908467788,383,0.018242626128956017,"f1369,f3236,f4135,f9712,f6638,f13874,f13576,f15198,f3504,f665,f1215,f4867,f2830,f4932,f11836,f12441,f11058,f11644,f1219,f13898"
273,376,0.7617275916704392,0.7723122515949883,307,0.018205416284778946,"f6638,f1369,f3504,f9712,f13576,f3236,f4135,f15198,f665,f1215,f11836,f11644,f13874,f12441,f4932,f7060,f5678,f4867,f1219,f11058"
274,376,0.7757610909913988,0.7378002152177503,339,0.01852183264402789,"f6638,f1369,f4932,f3236,f13874,f13576,f1215,f4135,f3504,f9712,f665,f15198,f11836,f11644,f4867,f5678,f12441,f11058,f7060,f2830"
275,376,0.7774021050248983,0.7637026938563973,347,0.018157314841060854,"f6638,f1369,f3504,f3236,f9712,f13576,f13874,f665,f4135,f1215,f11836,f4932,f15198,f2830,f12441,f5678,f11644,f13898,f7060,f11058"
276,376,0.7777133318243549,0.7730719795934358,324,0.018057376101731915,"f6638,f1369,f13576,f665,f3236,f9712,f13874,f3504,f4135,f1215,f2830,f4932,f15198,f11836,f5678,f11058,f12441,f4867,f11644,f11738"
277,376,0.7744171570846536,0.8077134644183814,363,0.018744364336251873,"f1369,f9712,f3236,f3504,f6638,f1215,f4135,f11058,f11836,f665,f12441,f13874,f13576,f5678,f11644,f4932,f827,f15198,f4867,f1219"
278,376,0.7735117700316886,0.7343000974387512,369,0.017810428430861273,"f6638,f4932,f1369,f13576,f13874,f665,f9712,f3236,f3504,f1215,f4135,f11836,f11644,f4867,f5678,f12441,f11058,f15198,f1219,f13898"
279,376,0.7785762788592123,0.802136723346233,352,0.018445332331503618,"f6638,f9712,f1369,f1215,f3504,f4135,f13874,f13576,f11644,f15198,f3236,f665,f11836,f1219,f5678,f12441,f2830,f11058,f11738,f4932"
280,376,0.7800333861475781,0.7860739706307951,362,0.0185394595882439,"f1369,f6638,f13576,f9712,f3504,f1215,f3236,f4135,f11836,f665,f15198,f12441,f13874,f11058,f11644,f5678,f827,f11738,f2830,f7060"
281,376,0.7527868945224083,0.7822263113691588,351,0.01853604849051444,"f1369,f3236,f6638,f9712,f15198,f1215,f3504,f665,f4135,f4932,f13874,f11836,f13576,f5678,f11644,f12441,f11058,f4867,f2830,f11738"
282,376,0.7562952693526483,0.7734904427060595,362,0.018571331953392042,"f6638,f1369,f9712,f4135,f3504,f11836,f13874,f1215,f11644,f3236,f1219,f15198,f12441,f665,f4932,f13576,f13316,f827,f11058,f5678"
283,376,0.7603270710728836,0.7905237731733934,356,0.018211514069797805,"f13576,f1369,f6638,f665,f1215,f3504,f3236,f4867,f13874,f9712,f4932,f15198,f2830,f5678,f4135,f11836,f7060,f11738,f12441,f11644"
284,376,0.7887760298777727,0.8142456160156955,389,0.018634962289534644,"f3236,f6638,f1369,f3504,f665,f9712,f1215,f4135,f11836,f13576,f11644,f15198,f13874,f12441,f4932,f11058,f5678,f827,f7060,f15377"
285,376,0.7684189678587596,0.7407990343736479,367,0.017957308879518425,"f6638,f13576,f1369,f3236,f9712,f4135,f665,f3504,f13874,f1215,f15198,f4932,f11836,f4867,f7060,f11644,f5678,f11058,f12441,f13898"
286,376,0.7469867587143504,0.7478053879137315,305,0.018042332200491975,"f3236,f6638,f1369,f13874,f13576,f15198,f4135,f9712,f665,f4932,f3504,f1215,f11836,f11644,f12441,f2830,f11058,f5678,f7060,f1219"
287,376,0.762944205522861,0.7861119201060838,314,0.018273391369532058,"f6638,f1369,f13874,f13576,f3236,f3504,f1215,f4135,f9712,f665,f15198,f11836,f11644,f4932,f4867,f11058,f2830,f12441,f6561,f5678"
288,376,0.7762845178813944,0.8039508059929388,362,0.018575371515521,"f1369,f3236,f9712,f6638,f1215,f4135,f11836,f3504,f13576,f15198,f4932,f11644,f12441,f11058,f5678,f13874,f827,f665,f7060,f13316"
289,376,0.776397691263015,0.7907739719828981,333,0.01829931704188754,"f13576,f1369,f15198,f6638,f9712,f4932,f4135,f3504,f665,f13874,f1215,f3236,f11058,f7060,f11836,f2830,f5678,f4867,f12441,f11644"
290,376,0.7911809642372115,0.7762484181331856,340,0.018461410466462665,"f6638,f1369,f4135,f3236,f13874,f665,f3504,f9712,f13576,f1215,f15198,f11836,f5678,f1219,f2830,f12441,f11644,f4932,f11058,f7060"
291,376,0.7837964010864644,0.7979275179762939,322,0.018320030864684797,"f6638,f1369,f9712,f15198,f3504,f13874,f665,f3236,f1215,f4135,f11836,f1219,f12441,f5678,f11058,f11644,f4867,f13576,f2830,f13316"
292,376,0.7812782933454051,0.8030304565156634,331,0.018339006839557824,"f6638,f1369,f13874,f3504,f9712,f665,f3236,f13576,f2830,f11836,f4135,f1215,f11644,f15198,f4932,f5678,f11058,f12441,f13898,f1219"
293,376,0.776496717971933,0.7950995197320471,376,0.01916639118930917,"f1369,f4135,f3504,f6638,f9712,f3236,f1215,f11836,f13874,f15198,f665,f11644,f13576,f12441,f11058,f4932,f5678,f2830,f13316,f1219"
294,376,0.7716161158895427,0.7644907490387962,331,0.018395468062582458,"f6638,f1369,f3236,f13874,f4135,f4932,f13576,f9712,f11836,f3504,f665,f1215,f11644,f11058,f15198,f12441,f5678,f1219,f2830,f4867"
295,376,0.798070393843368,0.8310246779079224,356,0.018598452294641646,"f6638,f3236,f1369,f13874,f9712,f3504,f4135,f1215,f11644,f4932,f13576,f12441,f11836,f665,f15040,f15377,f1219,f15198,f13316,f5678"
296,376,0.7880404028972385,0.8172556523920863,372,0.01808548379352591,"f665,f3236,f15198,f6638,f3504,f1369,f1215,f9712,f13576,f4932,f13874,f11644,f4135,f12441,f1219,f5678,f11836,f2830,f11058,f2429"
297,376,0.7749830239927569,0.7776723673501658,335,0.018202956860013123,"f6638,f15198,f1369,f4932,f665,f13576,f13874,f9712,f3504,f4135,f1215,f11836,f3236,f11644,f4867,f2830,f7060,f11058,f12441,f1219"
298,376,0.7747283838841105,0.776209161459555,345,0.01852978746644516,"f1369,f6638,f4932,f3504,f9712,f13874,f1215,f11058,f15198,f665,f11836,f4135,f3236,f13576,f4867,f12441,f5678,f11644,f2830,f11738"
299,376,0.7696072883657765,0.8036540202092248,325,0.01845871059204192,"f1369,f665,f1215,f3236,f13576,f6638,f3504,f4135,f5678,f11836,f9712,f15198,f11644,f12441,f4932,f13874,f11058,f1219,f4867,f7060"
300,376,0.7525322544137619,0.7604841815433319,354,0.01785115037172872,"f6638,f1369,f4932,f9712,f13576,f3504,f665,f15198,f3236,f1215,f13874,f2830,f4135,f11644,f12441,f11836,f5678,f11058,f1219,f7060"
301,376,0.7706399954730647,0.7745140178162931,342,0.018826948880079238,"f1369,f3504,f6638,f9712,f3236,f1215,f11836,f13874,f13576,f4135,f665,f11058,f5678,f12441,f15198,f11644,f827,f2830,f1219,f4867"
302,376,0.7922136713444998,0.7940988037348037,354,0.018398774792737445,"f15198,f6638,f1369,f9712,f3504,f4135,f665,f13874,f3236,f13576,f1215,f4932,f11836,f12441,f4867,f11058,f5678,f11644,f827,f13316"
303,376,0.7911809642372113,0.7861888275421095,353,0.01856407324506086,"f3236,f1369,f9712,f6638,f3504,f665,f15198,f4135,f13874,f1215,f13576,f11836,f4932,f12441,f5678,f11058,f11644,f2830,f1219,f15377"
304,376,0.7694941149841558,0.7808031757895819,341,0.018014759573332463,"f3236,f6638,f1369,f665,f13576,f9712,f4135,f3504,f13874,f11836,f15198,f1215,f5678,f4867,f4932,f12441,f11058,f11644,f2830,f827"
305,376,0.7745586238116795,0.785449112488047,346,0.018143664644238458,"f6638,f15198,f1369,f665,f4932,f13576,f3236,f1215,f13874,f3504,f11836,f9712,f4135,f2830,f11644,f11058,f5678,f12441,f4867,f11738"
306,376,0.765037913082843,0.753169194575386,365,0.018137881675972876,"f1369,f13576,f15198,f665,f6638,f9712,f3236,f13874,f3504,f4135,f1215,f2830,f11836,f5678,f11644,f4867,f4932,f12441,f11058,f1219"
307,376,0.7614870982344953,0.7730424357694966,360,0.018686788280474674,"f1369,f6638,f1215,f13874,f4135,f9712,f3504,f3236,f13576,f11836,f4867,f665,f5678,f15198,f7060,f11058,f11644,f12441,f4932,f11738"
308,376,0.7616992983250339,0.7541212583926519,318,0.018017091030413455,"f13576,f4135,f1369,f6638,f3504,f9712,f3236,f665,f15198,f11836,f13874,f1215,f11644,f5678,f12441,f11058,f4932,f4867,f1219,f827"
309,376,0.7611192847442281,0.8047062007374113,360,0.01890362051632649,"f1369,f9712,f3504,f1215,f6638,f11836,f665,f4135,f13576,f3236,f15198,f12441,f11644,f13874,f11058,f827,f5678,f4867,f7060,f13316"
310,376,0.7954956994114984,0.8185624869889689,339,0.018659098227409264,"f6638,f15198,f1369,f13874,f3504,f9712,f665,f1215,f3236,f11644,f4135,f11836,f12441,f11058,f13576,f4932,f1219,f5678,f827,f13316"
311,376,0.7784348121321865,0.7868028527741815,382,0.018496241792045662,"f1369,f4135,f3504,f6638,f1215,f11836,f3236,f9712,f11644,f12441,f15198,f13576,f13874,f665,f1219,f5678,f827,f11058,f4932,f4867"
312,376,0.7851544816659122,0.7856153221807042,336,0.018302120372375566,"f1369,f3236,f6638,f13576,f4932,f1215,f665,f15198,f9712,f3504,f4135,f13874,f11836,f2830,f11058,f7060,f12441,f5678,f11644,f13898"
313,376,0.7660706201901314,0.7965580096893128,300,0.018256728908918933,"f4135,f1369,f13576,f9712,f6638,f3236,f3504,f15198,f11836,f1215,f665,f12441,f13874,f7060,f11058,f5678,f11644,f13898,f827,f4932"
314,376,0.7818158669081032,0.7890738025358757,346,0.018586454333420422,"f6638,f13874,f1369,f3236,f15198,f4135,f3504,f9712,f13576,f665,f1215,f4932,f11836,f12441,f11644,f5678,f11058,f1219,f4867,f2830"
315,376,0.7816319601629697,0.7979133301024959,374,0.01836939883775056,"f6638,f1369,f9712,f13874,f15198,f3236,f1215,f3504,f11644,f665,f13576,f11836,f1219,f4932,f12441,f4135,f5678,f7060,f11058,f2830"
316,376,0.783272974196469,0.8047826813142931,332,0.018653294770047044,"f6638,f1369,f3236,f4135,f1219,f3504,f15198,f9712,f11644,f13874,f1215,f13576,f665,f11836,f12441,f4932,f5678,f11058,f2830,f13864"
317,376,0.7772606382978724,0.8135614178909405,350,0.01885057164930756,"f1369,f6638,f3236,f9712,f3504,f11058,f1215,f11836,f15198,f12441,f13576,f4135,f665,f13874,f5678,f11644,f827,f1219,f2830,f13316"
318,376,0.773228836577637,0.7777852054487604,335,0.018122994157663976,"f6638,f1369,f3236,f3504,f665,f1215,f15198,f9712,f13874,f13576,f4932,f4867,f11644,f4135,f11836,f1219,f12441,f2830,f11738,f5678"
319,376,0.7902472838388411,0.8037047656670215,441,0.018378582500674284,"f6638,f9712,f1369,f3504,f1215,f3236,f4135,f13874,f11836,f11644,f13576,f2830,f5678,f12441,f665,f15198,f7060,f11058,f4932,f13316"
320,376,0.7677823675871435,0.7881767115800258,309,0.01807781318301689,"f13576,f1369,f6638,f665,f9712,f15198,f3236,f3504,f4135,f1215,f2830,f13874,f11058,f11836,f7060,f12441,f4867,f5678,f4932,f11644"
321,376,0.7806982797645994,0.8080887487078228,336,0.01898858462896275,"f1369,f6638,f13874,f1215,f9712,f3504,f3236,f11058,f13576,f15198,f5678,f11836,f11644,f2830,f4135,f7060,f12441,f827,f4932,f665"
322,376,0.7886487098234496,0.7960092606857612,387,0.018496521248264175,"f4932,f1369,f4135,f9712,f15198,f3504,f6638,f1215,f13874,f665,f3236,f11836,f12441,f11058,f13576,f5678,f827,f11644,f2830,f13316"
323,376,0.7741483703033047,0.7709039499657087,335,0.01861356332046076,"f6638,f1369,f15198,f9712,f3504,f3236,f13874,f4135,f665,f1215,f11836,f4867,f13576,f11644,f11058,f12441,f5678,f827,f4932,f7060"
324,376,0.7722951561792667,0.7858943328632572,362,0.019006372008353763,"f1369,f6638,f13874,f9712,f4135,f3504,f3236,f1215,f15198,f13576,f11058,f11836,f12441,f11644,f1219,f5678,f665,f827,f7060,f4932"
325,376,0.7925956315074694,0.8200682136274581,341,0.01787004235913935,"f13576,f1369,f6638,f665,f9712,f3504,f15198,f13874,f4135,f4867,f1215,f3236,f2830,f11836,f13898,f4932,f7060,f11644,f6561,f11058"
326,376,0.7650944997736533,0.7726790593025321,333,0.018465037611214062,"f1369,f6638,f3236,f665,f13874,f4135,f15198,f3504,f9712,f13576,f1215,f11836,f12441,f11644,f5678,f4932,f7060,f11058,f827,f2830"
327,376,0.7673862607514713,0.7515195016133152,315,0.01808098792296614,"f1369,f15198,f6638,f4135,f13576,f9712,f3504,f665,f3236,f1215,f11836,f13874,f11644,f5678,f7060,f12441,f11058,f4932,f13898,f4867"
328,376,0.7777982118605704,0.7947092120928252,321,0.018714575052380222,"f6638,f3504,f9712,f1369,f1215,f4135,f11644,f13874,f11836,f13576,f3236,f12441,f665,f15198,f1219,f5678,f11058,f7060,f827,f4932"
329,376,0.7904028972385696,0.8015901762224098,338,0.0188318858012319,"f3236,f13874,f1369,f9712,f6638,f3504,f15198,f1215,f11836,f4135,f4932,f13576,f665,f12441,f5678,f11058,f11644,f827,f1219,f11911"
330,376,0.7961040063377094,0.8057644809494491,377,0.01863788552285031,"f6638,f1369,f13874,f3236,f665,f3504,f1215,f9712,f4135,f4932,f11836,f13576,f11644,f12441,f11058,f15198,f5678,f11738,f4867,f1219"
331,376,0.7436905839746492,0.7397241964799411,357,0.018053974436120446,"f6638,f1369,f15198,f665,f3236,f13576,f3504,f1215,f13874,f9712,f4135,f4932,f2830,f11836,f11058,f5678,f11644,f7060,f12441,f4867"
332,376,0.7997397012222726,0.8171287882804268,310,0.018533854879082177,"f3236,f15198,f1369,f6638,f665,f3504,f9712,f13576,f4135,f1215,f7060,f11836,f13874,f11644,f11058,f5678,f12441,f4867,f4932,f827"
333,376,0.7848008148483477,0.7937241856376753,392,0.018263179407593713,"f3236,f6638,f1369,f13874,f13576,f9712,f4135,f4867,f3504,f1215,f665,f15198,f7060,f11836,f11644,f4932,f2830,f11058,f12441,f11738"
334,376,0.764698392937981,0.7787957576274852,337,0.018216260030191923,"f6638,f1369,f13576,f3236,f13874,f9712,f2830,f1215,f665,f3504,f15198,f4135,f4932,f12441,f11644,f11836,f5678,f4867,f11058,f827"
335,376,0.7837398143956542,0.8063073020456126,347,0.018616703363690264,"f4135,f1369,f3504,f9712,f15198,f6638,f3236,f13576,f12441,f1215,f11836,f13874,f5678,f665,f11058,f4932,f4867,f11644,f11738,f2830"
336,376,0.778151878678135,0.7932926102039046,347,0.01831308661643017,"f6638,f1369,f13874,f4932,f3236,f9712,f3504,f1215,f11058,f15198,f4135,f13576,f11836,f665,f12441,f827,f11644,f5678,f13898,f7060"
337,376,0.7751952240832957,0.7991952161817486,366,0.0181802308454396,"f3236,f6638,f665,f1369,f13576,f9712,f1215,f3504,f13874,f7060,f15198,f11836,f4135,f11058,f11644,f12441,f4867,f5678,f1219,f13898"
338,376,0.7814480534178362,0.7977993230556454,377,0.01856536461297975,"f9712,f1369,f4135,f3504,f3236,f6638,f1215,f11836,f13874,f13576,f665,f4932,f12441,f11644,f5678,f15198,f827,f7060,f11058,f2830"
339,376,0.7494482797645994,0.769313864766743,337,0.018247850273953765,"f6638,f1369,f665,f9712,f3504,f4135,f13874,f3236,f1215,f15198,f11836,f13576,f4932,f11644,f12441,f7060,f4867,f5678,f13898,f11058"
340,376,0.780443639655953,0.7913156404495981,363,0.01811605917309666,"f13576,f1369,f665,f6638,f9712,f3236,f13874,f11644,f15198,f1219,f3504,f1215,f4135,f11836,f12441,f11058,f2830,f5678,f4867,f4932"
341,376,0.780443639655953,0.7678367227956887,371,0.01786226507256479,"f665,f13576,f6638,f1369,f3236,f15198,f9712,f3504,f13874,f4135,f1215,f2830,f4867,f11644,f11836,f5678,f4932,f1219,f11058,f12441"
342,376,0.7781094386600271,0.8263886640701046,345,0.01860332464739836,"f6638,f3236,f13874,f1369,f9712,f7060,f3504,f4135,f1215,f13576,f11836,f11644,f15198,f12441,f5678,f11058,f827,f665,f1219,f4932"
343,376,0.773936170212766,0.7882333007697094,331,0.01883800718636111,"f1369,f6638,f3504,f1215,f9712,f13874,f11836,f3236,f4135,f665,f11644,f11058,f5678,f15198,f12441,f13576,f1219,f4932,f2830,f13316"
344,376,0.784150067904029,0.8017244639785951,336,0.01829481673268401,"f6638,f1369,f13874,f13576,f15198,f4867,f3236,f9712,f665,f3504,f1215,f4135,f11644,f11836,f7060,f4932,f2830,f12441,f13898,f11738"
345,376,0.7677540742417384,0.8051830318483242,313,0.018498419650255657,"f13874,f6638,f1369,f3236,f3504,f1215,f11058,f9712,f665,f4135,f13576,f11836,f15198,f4932,f12441,f11644,f2830,f5678,f827,f13898"
346,376,0.7619680851063829,0.7890928660997143,367,0.018409345858789797,"f1369,f6638,f13576,f4135,f3236,f3504,f9712,f1215,f13874,f15198,f11836,f665,f5678,f12441,f11058,f827,f11644,f11738,f7060,f4932"
347,376,0.767089180624717,0.8030851777681685,350,0.018245694123485916,"f6638,f665,f3236,f1369,f13576,f4135,f3504,f15198,f13874,f9712,f1215,f11836,f11644,f2830,f4867,f4932,f5678,f1219,f12441,f11058"
348,376,0.7737381167949299,0.7919672594002796,353,0.01861592953370763,"f1369,f3236,f9712,f15198,f1215,f6638,f3504,f665,f11836,f4135,f11644,f13874,f13576,f12441,f5678,f11058,f1219,f4932,f827,f7060"
349,376,0.7629300588501584,0.7766413606147291,351,0.01815361408219532,"f6638,f1369,f13874,f13576,f665,f3236,f15198,f9712,f3504,f4135,f1215,f11836,f4932,f11644,f11058,f12441,f2830,f15377,f5678,f827"
350,376,0.7540176550475328,0.751634471984362,322,0.018077795289734237,"f6638,f13576,f3236,f1369,f13874,f9712,f1215,f3504,f15198,f4135,f665,f11836,f4932,f11644,f12441,f11058,f2830,f13898,f827,f5678"
351,376,0.786342802172929,0.7740487543494432,317,0.017745237693467968,"f15198,f665,f13576,f1369,f6638,f13874,f9712,f4932,f3236,f4135,f3504,f1215,f11836,f4867,f5678,f13898,f2830,f11644,f11058,f11738"
352,376,0.7699185151652331,0.7963808287453888,331,0.018439014258972798,"f13576,f1369,f6638,f9712,f3504,f15198,f1215,f4135,f11836,f13874,f7060,f3236,f4932,f5678,f12441,f665,f4867,f11058,f11644,f2830"
353,376,0.7846734947940245,0.7800453691921433,384,0.01858354682360397,"f1369,f9712,f3504,f1215,f13874,f6638,f3236,f4135,f11836,f13576,f11644,f665,f5678,f12441,f11058,f1219,f2830,f4867,f4932,f15198"
354,376,0.7494482797645994,0.7810185233531259,330,0.018853992218785753,"f1369,f6638,f9712,f3236,f11836,f4135,f3504,f1215,f12441,f5678,f11644,f665,f11058,f13874,f13576,f15198,f827,f1219,f7060,f4932"
355,376,0.7820280669986419,0.800621864085666,341,0.01832265468770041,"f665,f1369,f6638,f13576,f15198,f9712,f3504,f1219,f1215,f4135,f11836,f3236,f11644,f4932,f13874,f12441,f11058,f5678,f2830,f827"
356,376,0.7559981892258941,0.7438095527717397,339,0.018158994828093217,"f1369,f6638,f13874,f9712,f3504,f13576,f4135,f3236,f665,f1215,f15198,f11836,f2830,f11644,f12441,f5678,f7060,f4932,f11058,f11738"
357,376,0.7866823223177908,0.7914947116821678,343,0.018812569418050165,"f1369,f3504,f9712,f1215,f6638,f665,f11644,f11836,f3236,f13874,f4135,f12441,f5678,f13576,f2830,f11058,f4932,f4867,f15198,f1219"
358,376,0.7828202806699864,0.8197055462500823,372,0.018654063576832393,"f6638,f1369,f3504,f1215,f9712,f13874,f3236,f11644,f4135,f15198,f11836,f2830,f13576,f665,f12441,f11058,f5678,f1219,f13316,f11911"
359,376,0.7711634223630601,0.7513987234673424,348,0.01838479590840001,"f1369,f6638,f9712,f4932,f3504,f13576,f4135,f1215,f3236,f665,f11836,f13874,f15198,f11644,f5678,f7060,f12441,f11058,f1219,f4867"
360,376,0.7781235853327299,0.8077442049634764,335,0.018852965108693574,"f13874,f1369,f9712,f3504,f6638,f3236,f1215,f665,f4135,f4932,f11836,f5678,f15198,f11058,f13576,f12441,f11644,f11738,f1219,f4867"
361,376,0.7911526708918062,0.8167289671190554,358,0.018764228664061147,"f6638,f1369,f15198,f13874,f3236,f11836,f1215,f3504,f9712,f4932,f4135,f13576,f11058,f5678,f665,f11644,f12441,f2830,f13316,f827"
362,376,0.7837822544137618,0.7842932779097391,349,0.01838985382222588,"f6638,f1369,f13576,f9712,f3504,f13874,f4135,f3236,f665,f15198,f1215,f11836,f11644,f7060,f4932,f2830,f1219,f11058,f13898,f12441"
363,376,0.7857769352648257,0.8171752817992854,352,0.018974373399458323,"f1369,f3236,f6638,f1215,f3504,f9712,f15198,f11836,f4135,f5678,f13576,f11644,f12441,f13874,f11058,f665,f827,f4932,f1219,f7060"
364,376,0.7523342009959257,0.7527088604038292,386,0.018124780464085152,"f6638,f1369,f665,f3236,f15198,f13576,f9712,f13874,f3504,f1215,f11836,f4932,f4135,f11644,f4867,f12441,f5678,f1219,f15377,f2830"
365,376,0.7780245586238117,0.7935139545486649,344,0.018500139832774036,"f6638,f1369,f3504,f9712,f13874,f3236,f1215,f11644,f4135,f11836,f13576,f15198,f12441,f665,f13316,f11058,f5678,f827,f4932,f1219"
366,376,0.7876160027161612,0.8292310679238817,304,0.018482736306899065,"f4135,f1369,f13576,f9712,f3504,f11836,f6638,f3236,f1215,f665,f12441,f13874,f5678,f7060,f11058,f4932,f15198,f11738,f11644,f4867"
367,376,0.7763128112267994,0.7927559516935748,337,0.017974564265657904,"f6638,f1369,f665,f4867,f13576,f13874,f15198,f3236,f4932,f3504,f1215,f9712,f4135,f11836,f2830,f11058,f11738,f13898,f5678,f7060"
368,376,0.7633968990493437,0.7683982228983287,382,0.01822955703778943,"f13576,f6638,f1369,f9712,f4135,f3236,f15198,f3504,f13874,f11836,f1215,f4932,f11644,f12441,f665,f827,f11058,f5678,f11738,f2830"
369,376,0.7909970574920777,0.8087083385285911,372,0.018720244627168495,"f6638,f1369,f15198,f3236,f13576,f3504,f665,f1215,f9712,f4135,f11836,f13874,f4932,f5678,f11644,f11058,f11738,f12441,f2830,f13678"
370,376,0.7564084427342689,0.7421626426991015,346,0.018140410702239616,"f1369,f3236,f4135,f6638,f4932,f3504,f9712,f13576,f13874,f1215,f11836,f665,f15198,f12441,f2830,f11644,f11058,f7060,f5678,f827"
371,376,0.7664384336803983,0.7773323613728004,358,0.018291528371380657,"f6638,f1369,f665,f3236,f4932,f3504,f15198,f9712,f13874,f1215,f4135,f13576,f11836,f5678,f11058,f12441,f1219,f11644,f2830,f11738"
372,376,0.7586577636939792,0.7426212375032722,328,0.018646765505260902,"f1369,f6638,f3504,f13576,f9712,f4135,f665,f15198,f1215,f3236,f11836,f4932,f13874,f11644,f5678,f12441,f4867,f11058,f2830,f1219"
373,376,0.7819148936170213,0.778836688621932,365,0.018293783846410325,"f6638,f1369,f665,f13874,f11836,f1215,f3504,f9712,f3236,f4135,f15198,f13576,f11058,f11644,f4932,f4867,f2830,f12441,f5678,f827"
374,376,0.799018220914441,0.8208640024029394,345,0.018769958636109158,"f665,f1369,f4135,f3504,f6638,f9712,f1215,f4932,f11836,f3236,f15198,f13874,f5678,f1219,f11644,f13576,f12441,f11058,f2830,f11911"
375,376,0.8120048664554097,0.8034019786392208,337,0.0183670750294039,"f13576,f1369,f6638,f4135,f3504,f4932,f9712,f1215,f3236,f11836,f665,f13874,f15198,f12441,f5678,f4867,f11058,f11738,f11644,f13898"
376,376,0.7558850158442735,0.7617387386711918,352,0.01830265121633541,"f13874,f6638,f3236,f1369,f4135,f15198,f9712,f3504,f665,f4932,f1215,f11836,f13576,f12441,f11644,f11738,f1219,f4867,f11058,f5678"
377,376,0.7776284517881396,0.7789242997664367,334,0.018722060973696546,"f6638,f1369,f13874,f3504,f13576,f1215,f9712,f3236,f4135,f665,f11836,f5678,f11058,f15198,f12441,f11644,f11738,f4932,f4867,f2830"
378,376,0.778689452240833,0.8188874864473223,323,0.018533557371058024,"f3236,f1369,f3504,f6638,f15198,f9712,f1215,f12441,f11644,f13576,f4135,f11836,f11058,f665,f827,f13874,f5678,f4932,f7060,f1219"
379,376,0.7664242870076958,0.7799459085598129,345,0.017569708078108863,"f6638,f13576,f13874,f1369,f15198,f3236,f4867,f4135,f4932,f9712,f3504,f665,f7060,f11644,f1215,f11836,f11738,f12441,f13898,f2830"
380,376,0.7817451335445904,0.7964335630991444,347,0.018648298056003557,"f1369,f9712,f1215,f6638,f4932,f665,f3236,f3504,f13874,f11836,f5678,f4135,f11058,f11644,f2830,f12441,f1219,f13576,f15198,f4867"
381,376,0.7797928927116342,0.7951867787879767,391,0.01839701935866885,"f1369,f3236,f6638,f665,f4135,f3504,f9712,f1215,f11836,f13576,f13874,f11644,f5678,f12441,f11058,f4867,f2830,f4932,f11738,f827"
382,376,0.7584880036215482,0.7844690755130268,360,0.018694816092821805,"f1369,f6638,f3236,f4135,f15198,f3504,f13874,f13576,f665,f11836,f9712,f1215,f5678,f11058,f12441,f11644,f4932,f4867,f827,f11738"
383,376,0.7580494567677682,0.7908132866579851,340,0.01821192177111637,"f3236,f1369,f6638,f13874,f665,f3504,f13576,f15198,f1215,f9712,f4867,f4135,f11644,f4932,f11836,f11058,f2830,f7060,f5678,f13898"
384,376,0.7624773653236759,0.778392673648989,365,0.018255177305694252,"f6638,f1369,f3236,f665,f13874,f1215,f13576,f9712,f3504,f15198,f2830,f11836,f4135,f5678,f11644,f11058,f4867,f1219,f11738,f4932"
385,376,0.7688716613852422,0.7922029491323261,325,0.018841605668174118,"f6638,f1369,f9712,f3504,f4135,f13874,f1215,f3236,f11836,f12441,f11644,f13576,f15198,f1219,f665,f11058,f827,f5678,f13316,f4932"
386,376,0.7745303304662743,0.7927517037742138,320,0.017829175597611553,"f13576,f1369,f6638,f3236,f4867,f4135,f9712,f665,f3504,f1215,f7060,f13874,f15198,f2830,f4932,f11836,f11058,f11738,f12441,f11644"
387,376,0.7558001358080579,0.7548006360834345,349,0.018172605513060006,"f6638,f1369,f665,f13576,f3236,f3504,f9712,f11836,f13874,f1215,f4135,f15198,f11644,f12441,f11058,f5678,f2830,f4932,f1219,f827"
388,376,0.7741342236306021,0.8088944717655231,341,0.018617465918725137,"f1369,f6638,f3504,f9712,f1215,f13576,f11058,f12441,f13874,f3236,f4135,f15198,f2830,f11836,f665,f4932,f4867,f5678,f11644,f827"
389,376,0.7862296287913082,0.8222409454877192,341,0.01803794914876366,"f13576,f6638,f15198,f1369,f3236,f2830,f665,f4135,f13874,f11836,f9712,f1215,f3504,f4932,f5678,f13898,f7060,f12441,f11058,f4867"
390,376,0.7815187867813491,0.8068884941203796,346,0.0185731834821165,"f6638,f3504,f1369,f1215,f9712,f11836,f4135,f4932,f3236,f11644,f13874,f665,f1219,f13576,f15198,f5678,f12441,f11058,f827,f2830"
391,376,0.7976884336803984,0.8124111734898942,334,0.018399939609770738,"f6638,f1369,f3236,f9712,f1215,f13874,f3504,f11644,f11836,f4135,f12441,f15377,f13576,f665,f1219,f5678,f11058,f15198,f827,f13316"
392,376,0.7847017881394296,0.8126071071456074,385,0.019226132976287516,"f1369,f4135,f3504,f6638,f9712,f1215,f3236,f13874,f11836,f5678,f12441,f13576,f4932,f11644,f15198,f11058,f13316,f827,f2830,f665"
393,376,0.7522634676324128,0.7597328833063615,349,0.018550253527714507,"f6638,f1369,f13576,f1215,f3504,f4135,f9712,f15198,f665,f11644,f11836,f3236,f5678,f13874,f12441,f11058,f4932,f4867,f827,f2830"
394,376,0.8013382752376642,0.8177803448558114,338,0.01882720924418496,"f1369,f3504,f3236,f6638,f9712,f4135,f1215,f11836,f12441,f665,f11058,f13576,f13874,f11644,f5678,f1219,f2830,f7060,f827,f13898"
395,376,0.7771616115889544,0.7636770270528688,327,0.017619775821197198,"f13576,f6638,f3236,f1369,f9712,f665,f15198,f4135,f13874,f3504,f4932,f1215,f12441,f11836,f2830,f4867,f11644,f1219,f11058,f5678"
396,376,0.7759874377546402,0.8129261211497051,334,0.017921629535192794,"f4932,f6638,f13874,f1369,f665,f15198,f13576,f2830,f3236,f4867,f1215,f9712,f3504,f11644,f11058,f4135,f15040,f11836,f5678,f12441"
397,376,0.7572289497510185,0.7609011303802045,320,0.018355298851755367,"f3236,f1369,f13576,f6638,f15198,f4135,f9712,f665,f1215,f3504,f11836,f11058,f13874,f12441,f5678,f11644,f7060,f4867,f4932,f1219"
398,376,0.7611334314169309,0.786659001463215,302,0.018153482587373933,"f1369,f6638,f3236,f3504,f9712,f13576,f4135,f1215,f15198,f665,f11836,f13874,f11644,f827,f7060,f5678,f4867,f12441,f2830,f11058"
399,376,0.784616908103214,0.7771805931530938,351,0.018409750062694866,"f13576,f1369,f3236,f4135,f6638,f9712,f3504,f11836,f665,f1215,f13874,f12441,f4932,f5678,f11058,f15198,f1219,f11644,f4867,f827"
400,376,0.7925531914893619,0.8082516555442859,332,0.01904778276134201,"f1369,f1215,f9712,f11836,f3504,f6638,f3236,f4135,f4932,f13874,f12441,f13576,f665,f5678,f11058,f11644,f827,f1219,f15198,f7060"
401,376,0.8037573562698054,0.8005324479226601,349,0.01809926558424657,"f13576,f15198,f1369,f6638,f4135,f4932,f665,f9712,f3504,f1215,f3236,f11836,f7060,f13874,f5678,f4867,f11738,f11644,f11058,f12441"
402,376,0.7715453825260299,0.8010023332185459,366,0.018575660344411375,"f1369,f9712,f665,f3504,f1215,f6638,f4135,f13576,f11836,f3236,f5678,f7060,f11058,f12441,f13874,f15198,f11644,f4867,f2830,f827"
403,376,0.7660706201901312,0.7616881847447237,343,0.017818626249209026,"f13576,f15198,f1369,f6638,f9712,f4932,f665,f3504,f11836,f13874,f1215,f4135,f3236,f12441,f11644,f5678,f7060,f1219,f11058,f11738"
404,376,0.8007299683114532,0.8096603687851295,385,0.018534746868139544,"f1369,f6638,f4932,f13874,f3504,f9712,f1215,f4135,f3236,f2830,f13576,f665,f11644,f15198,f11836,f12441,f1219,f5678,f11058,f4867"
405,376,0.7580777501131735,0.7800310411183445,303,0.018443651304164123,"f1369,f6638,f3236,f13576,f3504,f15198,f665,f9712,f11644,f1215,f13874,f11836,f4135,f4932,f12441,f5678,f2830,f827,f11058,f4867"
406,376,0.7841925079221368,0.7885495010586255,332,0.018947903755457768,"f9712,f1369,f3236,f3504,f6638,f4135,f1215,f11836,f665,f13874,f11644,f5678,f11058,f12441,f1219,f13576,f4932,f13316,f15198,f11738"
407,376,0.7636939791760978,0.7699367967622848,334,0.01779682145136941,"f6638,f13576,f3236,f1369,f4135,f13874,f9712,f2830,f3504,f15198,f4932,f1215,f665,f11836,f11058,f12441,f827,f11738,f11644,f7060"
408,376,0.7493068130375735,0.7438899102294904,318,0.018097431156189808,"f6638,f1369,f13576,f9712,f3504,f1215,f4135,f665,f3236,f13874,f15198,f11836,f11058,f12441,f11644,f4932,f7060,f5678,f2830,f1219"
409,376,0.785055454956994,0.8093177281101509,351,0.018935259545538943,"f1369,f9712,f1215,f3504,f3236,f11836,f6638,f4135,f13874,f12441,f5678,f15198,f665,f1219,f11058,f13576,f11644,f827,f13316,f7060"
410,376,0.7949298325033952,0.8040098632589023,324,0.018627612717806316,"f1369,f6638,f4135,f3504,f9712,f13576,f3236,f1215,f4932,f11836,f5678,f12441,f11058,f13874,f665,f15198,f4867,f2830,f11644,f1219"
411,376,0.7584172702580353,0.7895968157662374,345,0.018463650019839385,"f3236,f1369,f9712,f4135,f3504,f6638,f15198,f13576,f1215,f11836,f13874,f12441,f7060,f5678,f11058,f827,f665,f4932,f11644,f2830"
412,376,0.7492360796740607,0.7603826874045807,354,0.01803399701206447,"f665,f13576,f6638,f1369,f3236,f4135,f13874,f3504,f9712,f1215,f15198,f11836,f5678,f4867,f2830,f7060,f4932,f11058,f11644,f12441"
413,376,0.7843905613399728,0.7875698085644715,330,0.01803210107708704,"f13576,f6638,f1369,f4135,f1215,f3236,f665,f3504,f9712,f7060,f11836,f13874,f12441,f1219,f11644,f15198,f5678,f827,f2830,f4932"
414,376,0.7548664554096877,0.7808904465125386,339,0.018347329534392068,"f6638,f1369,f665,f13874,f3504,f4135,f1215,f9712,f13576,f3236,f15198,f11836,f4867,f11644,f7060,f5678,f12441,f4932,f11058,f2830"
415,376,0.7584172702580353,0.7787347412681316,322,0.01780933937791019,"f3236,f6638,f1369,f15198,f13874,f13576,f665,f3504,f9712,f1215,f4932,f4135,f2830,f5678,f11836,f11058,f11644,f11738,f1219,f12441"
416,376,0.7864559755545496,0.7968022611858157,365,0.018605365551651452,"f6638,f1369,f13874,f3504,f9712,f1215,f13576,f3236,f15198,f4135,f665,f11644,f11836,f12441,f1219,f11058,f4867,f5678,f13316,f4932"
417,376,0.7872057492077864,0.7940762046538246,343,0.018799249266095913,"f6638,f1369,f9712,f1215,f3504,f13874,f11836,f4135,f3236,f665,f13576,f4932,f11644,f5678,f12441,f11058,f15198,f7060,f827,f4867"
418,376,0.7731439565414215,0.7610088864340658,331,0.018231572241502535,"f6638,f1369,f3504,f13874,f3236,f4135,f9712,f4932,f1215,f11836,f13576,f665,f11644,f15198,f4867,f12441,f11058,f1219,f5678,f11738"
419,376,0.7752942507922136,0.763776701310453,336,0.01802111646418081,"f15198,f6638,f1369,f4932,f13576,f4135,f3236,f9712,f3504,f1215,f11836,f13874,f665,f12441,f4867,f11644,f5678,f11738,f7060,f827"
420,376,0.8114107062019013,0.8292925934110736,348,0.01829208966166254,"f665,f1369,f6638,f3236,f13576,f4135,f1215,f3504,f9712,f11644,f11836,f13874,f4867,f4932,f1219,f15198,f7060,f12441,f5678,f6561"
421,376,0.7569884563150747,0.7339317133134358,387,0.01820286474824742,"f6638,f1369,f3236,f3504,f9712,f13576,f665,f4135,f13874,f1215,f15198,f12441,f11836,f4867,f11644,f11058,f4932,f5678,f2830,f1219"
422,376,0.7925673381620643,0.8010768423845449,342,0.018713661940134248,"f6638,f15198,f1369,f13874,f3504,f9712,f4135,f1215,f3236,f11836,f13576,f665,f11058,f12441,f7060,f5678,f11644,f827,f4932,f1219"
423,376,0.7796231326392032,0.8042868908931742,342,0.017667362956884987,"f6638,f13576,f665,f13874,f1369,f3236,f15198,f3504,f9712,f4932,f1215,f2830,f7060,f4135,f4867,f11836,f13898,f11644,f12441,f5678"
424,376,0.7586860570393843,0.786319851255264,357,0.018339502649936563,"f6638,f1369,f3236,f4135,f13874,f9712,f4932,f3504,f1215,f4867,f11836,f13576,f665,f11738,f15198,f5678,f11644,f12441,f11058,f2830"
425,376,0.7742049569941151,0.749651539823494,351,0.018305765182532824,"f6638,f13576,f1369,f665,f3504,f9712,f13874,f1215,f11836,f4135,f1219,f3236,f11644,f15198,f5678,f4932,f12441,f2830,f11058,f7060"
426,376,0.7897521502942506,0.796051222656287,358,0.018195813873465683,"f6638,f15198,f3236,f1369,f13576,f4135,f3504,f9712,f13874,f1215,f4932,f11836,f665,f11644,f7060,f12441,f4867,f13898,f827,f11058"
427,376,0.7925107514712539,0.8178246185632144,338,0.01914657436885888,"f1369,f6638,f13874,f1215,f9712,f3504,f3236,f665,f4135,f11836,f11644,f12441,f11058,f15198,f5678,f13576,f1219,f4867,f13316,f2830"
428,376,0.7696638750565866,0.8023591779452579,310,0.01835986151994065,"f6638,f3236,f1369,f3504,f9712,f665,f13874,f1215,f4135,f11836,f13576,f12441,f15198,f11644,f11058,f1219,f5678,f4867,f4932,f827"
429,376,0.7862154821186058,0.7785801206864951,352,0.017803318209034625,"f13576,f3236,f6638,f4932,f1369,f665,f4135,f9712,f13874,f3504,f15198,f1215,f4867,f13898,f11836,f11644,f12441,f2830,f5678,f7060"
430,376,0.798508940697148,0.8121666598216393,360,0.018531568442530746,"f1369,f4135,f13576,f6638,f9712,f3504,f665,f2830,f1215,f13874,f3236,f11836,f11058,f5678,f15198,f827,f12441,f11644,f7060,f4932"
431,376,0.772889316432775,0.781332179319872,385,0.01835412338395858,"f6638,f1369,f13576,f13874,f3236,f3504,f9712,f1215,f665,f2830,f15198,f4135,f4867,f11836,f11644,f11058,f5678,f12441,f7060,f4932"
432,376,0.7699468085106383,0.7649027305086351,333,0.018547895508124766,"f6638,f1369,f15198,f13576,f4135,f9712,f3504,f665,f1215,f13874,f3236,f4932,f11836,f11644,f12441,f2830,f5678,f11058,f4867,f7060"
433,376,0.7882384563150748,0.8208981988980799,290,0.01836348996259904,"f3236,f1369,f9712,f6638,f3504,f4135,f1215,f11836,f12441,f13576,f13874,f11644,f665,f827,f1219,f5678,f11058,f15198,f13898,f4932"
434,376,0.7631422589406972,0.7650071992855613,379,0.018358311809084177,"f6638,f1369,f13576,f9712,f13874,f3504,f1215,f4135,f11836,f665,f3236,f15198,f11644,f12441,f1219,f827,f4932,f11058,f5678,f4867"
435,376,0.7673438207333636,0.7854766711904182,358,0.018825993531363737,"f1369,f6638,f3236,f1215,f3504,f9712,f11058,f11836,f4135,f12441,f13874,f5678,f665,f13576,f11644,f15198,f4932,f827,f4867,f1219"
436,376,0.7810519465821638,0.7651648271420168,341,0.01858813548955985,"f6638,f15198,f3236,f1369,f13874,f665,f13576,f4135,f9712,f3504,f1215,f11836,f12441,f5678,f11644,f4932,f11058,f2830,f1219,f4867"
437,376,0.7797080126754187,0.7966898851451878,323,0.018112676381628858,"f1369,f15198,f6638,f9712,f665,f3504,f4867,f3236,f1215,f13874,f13576,f4135,f11836,f4932,f11058,f11644,f5678,f7060,f12441,f827"
438,376,0.7811792666364872,0.8025972107881864,356,0.018596669138864926,"f6638,f1369,f3236,f13874,f4135,f9712,f4932,f3504,f1215,f13576,f11836,f15198,f11058,f11644,f12441,f4867,f5678,f827,f665,f15377"
439,376,0.770328768673608,0.755541092162165,346,0.018379134249853622,"f3236,f6638,f13874,f1369,f15198,f3504,f665,f9712,f13576,f1215,f4135,f4932,f11836,f11058,f11644,f12441,f5678,f827,f4867,f7060"
440,376,0.7694941149841558,0.7851364682949317,330,0.01857222496294117,"f6638,f1369,f3236,f9712,f3504,f4135,f1215,f13576,f11058,f13874,f665,f11836,f5678,f12441,f11644,f15198,f4932,f4867,f827,f2830"
441,376,0.7874038026256225,0.7816885345265334,324,0.01798566679985438,"f3236,f13576,f665,f1369,f6638,f4135,f15198,f3504,f1215,f13874,f9712,f11836,f11644,f4932,f13898,f12441,f7060,f11058,f4867,f5678"
442,376,0.7925390448166592,0.7814971803390713,376,0.01779336176634308,"f6638,f13576,f1369,f4135,f665,f15198,f3236,f11836,f9712,f3504,f4932,f7060,f13874,f1215,f13898,f4867,f12441,f2830,f5678,f11058"
443,376,0.7594358306926211,0.7537009632408935,347,0.01809634856305063,"f6638,f1369,f4135,f4932,f3236,f9712,f3504,f13874,f13576,f15198,f665,f1215,f11836,f11644,f12441,f11058,f2830,f5678,f827,f15377"
444,376,0.762505658669081,0.7535789862110889,321,0.01839025427111759,"f1369,f3236,f13576,f15198,f6638,f9712,f4135,f665,f3504,f11836,f1215,f13874,f5678,f4932,f11644,f4867,f12441,f11058,f11738,f1219"
445,376,0.7546401086464464,0.7541028810696908,354,0.018115296201938934,"f1369,f6638,f15198,f13874,f3236,f665,f9712,f3504,f2830,f4135,f1215,f13576,f7060,f11836,f11058,f4867,f4932,f11644,f5678,f12441"
446,376,0.796754753282028,0.7798264340088437,393,0.018239317734309625,"f15198,f6638,f13576,f1369,f4135,f4932,f665,f3504,f1215,f9712,f3236,f11836,f13874,f11644,f5678,f4867,f12441,f11058,f7060,f827"
447,376,0.7649813263920326,0.7595230499396666,354,0.017739544617646208,"f13576,f3236,f6638,f1369,f665,f3504,f4135,f15198,f1215,f13874,f9712,f7060,f4867,f11836,f4932,f11644,f11738,f5678,f12441,f2830"
448,376,0.7685462879130829,0.7951532411807607,316,0.01799078766712322,"f665,f3236,f15198,f1369,f6638,f1215,f9712,f3504,f13874,f13576,f4135,f11644,f11836,f11058,f2830,f5678,f4932,f4867,f7060,f12441"
449,376,0.7929351516523315,0.8180155568518616,303,0.018890924697266276,"f6638,f1369,f3504,f9712,f11836,f1215,f665,f15198,f3236,f13874,f4135,f12441,f5678,f11644,f1219,f11058,f13576,f4932,f827,f5017"
450,376,0.7738371435038479,0.8000202085599533,342,0.018671133887379385,"f9712,f3236,f1369,f3504,f6638,f1215,f13874,f4135,f11644,f11836,f13576,f665,f12441,f11058,f1219,f15198,f5678,f4932,f827,f13316"
451,376,0.8027105024898143,0.8190139483808238,347,0.017739791338866984,"f6638,f13576,f665,f1369,f3236,f9712,f13898,f13874,f3504,f4135,f1215,f15198,f11644,f1219,f12441,f4932,f11836,f2830,f7060,f4867"
452,376,0.7574694431869626,0.7740013313631768,314,0.01818773201468616,"f1369,f3236,f6638,f9712,f3504,f1215,f4135,f11836,f13576,f11058,f13874,f665,f12441,f11644,f15198,f1219,f5678,f4932,f827,f2830"
453,376,0.7559557492077864,0.7722807089464903,354,0.018164487392146197,"f6638,f13576,f1369,f4135,f3504,f13874,f9712,f3236,f1215,f15198,f11836,f11644,f665,f7060,f1219,f12441,f4867,f4932,f827,f11058"
454,376,0.7682209144409236,0.7780609272895811,323,0.017876734813437475,"f6638,f1369,f665,f4135,f15198,f13874,f3236,f9712,f4932,f13576,f3504,f2830,f1215,f11836,f13898,f4867,f12441,f11644,f5678,f1219"
455,376,0.7829193073789045,0.7881534693246903,361,0.019078090177611126,"f1369,f15198,f9712,f1215,f6638,f11836,f4135,f3504,f13576,f4932,f665,f3236,f12441,f5678,f11644,f11058,f13874,f1219,f4867,f7060"
456,376,0.7422051833408781,0.7636694663285652,366,0.017837799684283243,"f665,f13576,f6638,f1369,f3504,f4932,f13874,f9712,f4135,f3236,f1215,f15198,f11836,f4867,f11058,f12441,f5678,f11644,f7060,f827"
457,376,0.7692819148936171,0.7628293882340208,336,0.018573214473361317,"f6638,f1369,f4932,f13874,f3504,f1215,f4135,f9712,f13576,f665,f3236,f11644,f1219,f15198,f11058,f12441,f11836,f2830,f5678,f4867"
458,376,0.7809104798551381,0.8000903100529835,356,0.018288797664238077,"f6638,f1369,f13576,f4932,f3236,f665,f15198,f1215,f3504,f13874,f4867,f9712,f5678,f11836,f4135,f11058,f11738,f2830,f11644,f12441"
459,376,0.7896531235853328,0.8073010313397602,334,0.01898344999991672,"f1369,f15198,f9712,f3504,f6638,f1215,f4135,f11644,f3236,f665,f11836,f13874,f12441,f5678,f13576,f11058,f7060,f4932,f1219,f13316"
460,376,0.7649954730647353,0.7700447608424497,326,0.01864203975654819,"f6638,f1369,f3504,f1215,f13874,f13576,f9712,f4932,f665,f11836,f4135,f3236,f15198,f4867,f11644,f12441,f11058,f5678,f11738,f827"
461,376,0.7833578542326844,0.7870194543523054,318,0.01813168272356243,"f6638,f1369,f13576,f3236,f4135,f9712,f3504,f13874,f665,f1215,f15198,f11644,f11836,f12441,f11058,f4867,f2830,f7060,f4932,f15040"
462,376,0.7691404481665912,0.7754391289385673,358,0.018251531693014352,"f6638,f4135,f1369,f3504,f13874,f9712,f3236,f1215,f11836,f4932,f665,f15198,f13576,f11644,f12441,f5678,f1219,f4867,f11058,f11738"
463,376,0.785366681756451,0.7972161128349418,326,0.018311732998514088,"f6638,f1369,f3236,f9712,f3504,f665,f1215,f4135,f11836,f13576,f11058,f13874,f12441,f11644,f4867,f5678,f827,f15198,f1219,f7060"
464,376,0.8038139429606157,0.835417985708792,340,0.018694003484152392,"f6638,f1369,f13874,f13576,f1215,f9712,f3504,f665,f2830,f3236,f15198,f11836,f4135,f11644,f13898,f7060,f5678,f12441,f11058,f4932"
465,376,0.7686594612947035,0.7824032736628271,376,0.0185691197056006,"f1369,f6638,f665,f4135,f9712,f4932,f3504,f3236,f11836,f13874,f1215,f13576,f5678,f15198,f12441,f7060,f11058,f4867,f11644,f1219"
466,376,0.7792977591670438,0.7916872002362044,335,0.018336708593043535,"f6638,f1369,f13576,f13874,f1215,f9712,f3236,f3504,f4135,f11836,f665,f12441,f827,f7060,f15198,f11644,f4867,f5678,f11058,f2830"
467,376,0.7676267541874151,0.7729669271114896,348,0.018416220594712686,"f665,f6638,f1369,f15198,f9712,f3504,f1215,f4135,f3236,f13576,f11644,f13874,f11836,f5678,f1219,f4932,f12441,f4867,f7060,f11058"
468,376,0.7713190357627886,0.7688624731915835,339,0.019042812134238293,"f1369,f6638,f3504,f9712,f1215,f13874,f15198,f4135,f3236,f11836,f11644,f665,f4932,f12441,f5678,f11058,f13576,f1219,f4867,f13316"
469,376,0.7718000226346763,0.7554119860662818,333,0.01812580040101197,"f6638,f1369,f15198,f3236,f3504,f9712,f13874,f4932,f665,f1215,f4135,f13576,f11836,f11644,f4867,f12441,f5678,f1219,f11058,f2830"
470,376,0.7761571978270712,0.7595937311061496,365,0.01863290424498311,"f1369,f6638,f13576,f3236,f13874,f9712,f15198,f665,f3504,f1215,f4135,f11836,f2830,f5678,f12441,f11058,f4867,f7060,f4932,f11644"
471,376,0.7951844726120416,0.80649759276333,339,0.017938773083361833,"f13576,f6638,f13874,f1369,f3236,f4135,f4932,f3504,f9712,f1215,f13898,f665,f11836,f2830,f4867,f15198,f11058,f5678,f11738,f7060"
472,376,0.8041534631054776,0.799184599140442,338,0.019126357139147634,"f1369,f3504,f9712,f1215,f4135,f6638,f13874,f15198,f12441,f11644,f4932,f11836,f11058,f13576,f3236,f5678,f1219,f665,f4867,f827"
473,376,0.7483589859665007,0.7805917988910188,374,0.01819522979550378,"f1369,f6638,f3236,f4135,f9712,f3504,f665,f15198,f1215,f11836,f13874,f13576,f5678,f4932,f12441,f11058,f2830,f11644,f827,f13316"
474,376,0.763354459031236,0.7900633315332397,375,0.018930639422676955,"f1369,f6638,f3236,f3504,f9712,f1215,f4135,f665,f13576,f15198,f11836,f11644,f13874,f5678,f11058,f12441,f4932,f13316,f1219,f827"
475,376,0.7823251471253961,0.8069532615471626,349,0.01858785129746697,"f6638,f15198,f1369,f13874,f3504,f9712,f1215,f665,f3236,f13576,f2830,f4135,f4932,f11836,f4867,f11058,f11644,f12441,f5678,f7060"
476,376,0.7727619963784518,0.7849529258023008,364,0.018321358960399263,"f3236,f6638,f1369,f665,f1215,f9712,f3504,f13576,f13874,f4932,f5678,f15198,f4135,f11836,f11644,f2830,f4867,f12441,f7060,f1219"
477,376,0.8003197148030783,0.8290958691812542,329,0.01916478302309961,"f1369,f6638,f13576,f9712,f3504,f4135,f11836,f1215,f665,f3236,f13874,f15198,f5678,f2830,f4932,f11644,f12441,f7060,f11058,f1219"
478,376,0.7702014486192847,0.8002075799525277,355,0.018452795891170465,"f6638,f1369,f13874,f13576,f4932,f3504,f1215,f3236,f9712,f15198,f2830,f665,f4135,f5678,f11644,f11836,f11058,f12441,f827,f15377"
479,376,0.7833861475780897,0.7935227954461697,344,0.018035426790370245,"f6638,f13874,f15198,f1369,f13576,f4932,f665,f4135,f4867,f3236,f9712,f3504,f1215,f2830,f11836,f11058,f12441,f11738,f5678,f13898"
480,376,0.7964293798098687,0.7747185006575398,352,0.01818996500917411,"f15198,f9712,f6638,f1369,f3504,f3236,f13576,f1215,f13874,f665,f4135,f11836,f7060,f11644,f2830,f11058,f12441,f5678,f4932,f827"
481,376,0.7758742643730195,0.7916145496608524,362,0.017929383568426056,"f6638,f13874,f3236,f1369,f13576,f9712,f3504,f665,f1215,f4135,f11644,f4932,f15198,f2830,f11836,f4867,f13898,f15377,f12441,f11058"
482,376,0.7791845857854232,0.7920362800632678,333,0.01891100998631022,"f1369,f6638,f3504,f1215,f3236,f9712,f15198,f665,f13874,f4135,f11836,f13576,f11644,f5678,f12441,f2830,f1219,f11058,f11738,f4932"
483,376,0.7614305115436849,0.7742049566715177,337,0.01826402381003059,"f6638,f1369,f13576,f665,f4135,f3236,f9712,f15198,f4932,f3504,f13874,f11836,f1215,f4867,f2830,f5678,f11644,f12441,f11058,f11738"
484,376,0.7984240606609325,0.797824971256712,382,0.017879772044599347,"f4932,f3236,f6638,f1369,f15198,f13576,f13874,f665,f9712,f1215,f3504,f4135,f11644,f11836,f7060,f13898,f12441,f11058,f827,f4867"
485,376,0.7855081484834767,0.8233539230488369,346,0.018788721298481848,"f6638,f1369,f1215,f9712,f13576,f3504,f3236,f13874,f4135,f15198,f11836,f2830,f11644,f665,f11058,f12441,f827,f5678,f13316,f11738"
486,376,0.7514429606156632,0.7748928572252582,317,0.01802794048265413,"f6638,f3236,f665,f1369,f3504,f4867,f15198,f13576,f9712,f1215,f13874,f4135,f11644,f4932,f11836,f5678,f2830,f7060,f11058,f1219"
487,376,0.7573138297872339,0.7450142163387212,328,0.01809133853307586,"f6638,f13576,f1369,f13874,f15198,f4135,f3236,f9712,f1215,f665,f3504,f4932,f11836,f5678,f11644,f11058,f2830,f1219,f12441,f4867"
488,376,0.7877150294250792,0.8230376633507003,349,0.018508947825931148,"f6638,f1369,f11836,f3236,f9712,f11058,f3504,f12441,f13874,f1215,f665,f827,f4135,f11644,f13576,f4932,f15198,f13316,f5678,f1219"
489,376,0.7707956088727931,0.8079142326308693,326,0.018650860411729246,"f1369,f3236,f6638,f9712,f3504,f1215,f4135,f13874,f13576,f11836,f12441,f11058,f11644,f15198,f827,f665,f5678,f1219,f13898,f4932"
490,376,0.7859325486645542,0.8015269055548994,362,0.018645153851545533,"f9712,f1369,f3504,f13874,f1215,f3236,f665,f6638,f11836,f4135,f13576,f12441,f15198,f11058,f5678,f7060,f11644,f11738,f2830,f827"
491,376,0.7554747623358985,0.7887301294312734,361,0.018725499614795763,"f1369,f3236,f665,f3504,f6638,f9712,f13576,f1215,f13874,f11836,f15198,f4135,f12441,f5678,f11058,f11644,f4867,f4932,f1219,f2830"
492,376,0.769550701674966,0.7830025621176888,350,0.018318600789148418,"f1369,f3236,f15198,f9712,f3504,f4932,f6638,f11836,f1215,f13874,f4135,f665,f13576,f5678,f12441,f11058,f11644,f1219,f4867,f2830"
493,376,0.7480336124943413,0.7514345627362444,329,0.01841788167787832,"f1369,f665,f6638,f9712,f1215,f3504,f4135,f3236,f15198,f13874,f13576,f11644,f11836,f12441,f4932,f1219,f5678,f4867,f11058,f7060"
494,376,0.7826080805794476,0.8025811005447421,353,0.019149419361170594,"f1369,f4932,f6638,f9712,f13874,f3504,f3236,f1215,f15198,f13576,f11644,f4135,f11836,f2830,f5678,f11058,f12441,f1219,f665,f827"
495,376,0.7410734495246719,0.7564470277815556,351,0.017789879016221498,"f6638,f665,f1369,f13576,f13874,f9712,f3236,f4135,f3504,f15198,f4932,f1215,f11836,f12441,f2830,f11644,f13898,f5678,f11058,f7060"
496,376,0.7820846536894521,0.7884852150801996,312,0.018152611761135917,"f15198,f1369,f9712,f665,f6638,f3504,f13576,f1215,f4135,f3236,f11836,f4867,f13874,f7060,f11644,f4932,f2830,f12441,f11058,f13898"
497,376,0.7540742417383431,0.741363732863664,339,0.01814756964016307,"f1369,f6638,f665,f3236,f11836,f9712,f4135,f3504,f4932,f1215,f15198,f13874,f13576,f5678,f11644,f11058,f12441,f7060,f4867,f827"
498,376,0.7870359891353553,0.7998592137865229,328,0.018438827073042993,"f1369,f6638,f665,f3236,f9712,f3504,f13874,f13576,f4135,f4867,f1215,f11836,f5678,f11058,f15198,f12441,f11738,f11644,f7060,f827"
499,376,0.7641325260298778,0.766447941309905,302,0.018285018466214845,"f1369,f6638,f13576,f665,f4135,f9712,f3236,f15198,f7060,f3504,f13874,f1215,f11836,f12441,f4867,f11644,f4932,f5678,f11058,f11738"
